; global historical emissions from https://github.com/openclimatedata/global-emissions/blob/master/data/global-emissions.csv the header file was modified,,,,,,,,,,,,,,,,,,,,,,,,,,,,,,,,,,,,
; global N2O from the aggregate of https://www.pik-potsdam.de/paris-reality-check/primap-hist/#id=earth&entity=n2o in all the countries for all the sectors,,,,,,,,,,,,,,,,,,,,,,,,,,,,,,,,,,,,
Date,ffi_emissions,luc_emissions,CH4_emissions,SO2_emissions,CO_emissions,NMVOC_emissions,NOX_emissions,BC_emissions,OC_emissions,NH3,HFC134a_emissions,HFC23_emissions,HFC32_emissions,HFC125_emissions,HFC143a_emissions,HFC227ea_emissions,HFC245fa_emissions,SF6_emissions,CF4_emissions,C2F6_emissions,CFC12_emissions,CFC11_emissions,CFC113_emissions,CFC114_emissions,CFC115_emissions,CH3CCl3_emissions,CCl4_emissions,CH3Cl_emissions,CH3Br_emissions,halon1211_emissions,halon1301_emissions,halon2402_emissions,HCF142b_emissions,HCF141b_emissions,HFC4310_emissions,HCF22_emissions
1750,0,0,0,1218.362825,348.535,60.023,5.912,2.098,15.448,5.719433973,0,0,0,0,0,0,0,0,0.011,0,0,0,0,0,0,0,0.027,3192.321,129.335,0.008,0,0,0,0,0,0
1751,0.003,0,0,1202.384296,343.933,59.09,5.845,2.073,15.188,5.664121895,0,0,0,0,0,0,0,0,0.011,0,0,0,0,0,0,0,0.027,3192.321,129.335,0.008,0,0,0,0,0,0
1752,0.003,0,0,1199.388322,342.504,58.762,5.862,2.068,15.065,5.636878633,0,0,0,0,0,0,0,0,0.011,0,0,0,0,0,0,0,0.027,3192.321,129.335,0.008,0,0,0,0,0,0
1753,0.003,0,0,1203.882283,343.682,59.028,5.82,2.072,15.183,5.681458517,0,0,0,0,0,0,0,0,0.011,0,0,0,0,0,0,0,0.027,3192.321,129.335,0.008,0,0,0,0,0,0
1754,0.003,0,0,1229.348064,349.823,60.272,5.866,2.1,15.559,5.792082673,0,0,0,0,0,0,0,0,0.011,0,0,0,0,0,0,0,0.027,3192.321,129.335,0.008,0,0,0,0,0,0
1755,0.003,0,0,1219.860812,348.152,59.826,5.926,2.099,15.359,5.733468381,0,0,0,0,0,0,0,0,0.011,0,0,0,0,0,0,0,0.027,3192.321,129.335,0.008,0,0,0,0,0,0
1756,0.003,0,0,1209.874232,344.016,59.077,5.778,2.073,15.227,5.721910634,0,0,0,0,0,0,0,0,0.011,0,0,0,0,0,0,0,0.027,3192.321,129.335,0.008,0,0,0,0,0,0
1757,0.003,0,0,1251.81787,355.949,61.265,6.097,2.148,15.705,5.818500382,0,0,0,0,0,0,0,0,0.011,0,0,0,0,0,0,0,0.027,3192.321,129.335,0.008,0,0,0,0,0,0
1758,0.003,0,0,1238.335986,351.847,60.437,6.025,2.121,15.514,5.775571605,0,0,0,0,0,0,0,0,0.011,0,0,0,0,0,0,0,0.027,3192.321,129.335,0.008,0,0,0,0,0,0
1759,0.003,0,0,1235.340012,351.515,60.447,5.919,2.117,15.574,5.817674828,0,0,0,0,0,0,0,0,0.011,0,0,0,0,0,0,0,0.027,3192.321,129.335,0.008,0,0,0,0,0,0
1760,0.003,0,0,1249.321225,355.15,61.189,5.917,2.132,15.852,5.891974634,0,0,0,0,0,0,0,0,0.011,0,0,0,0,0,0,0,0.027,3192.321,129.335,0.008,0,0,0,0,0,0
1761,0.003,0,0,1252.816528,354.715,60.985,6.019,2.138,15.692,5.845743644,0,0,0,0,0,0,0,0,0.011,0,0,0,0,0,0,0,0.027,3192.321,129.335,0.008,0,0,0,0,0,0
1762,0.003,0,0,1231.844709,349.257,60.029,5.801,2.102,15.526,5.839139217,0,0,0,0,0,0,0,0,0.011,0,0,0,0,0,0,0,0.027,3192.321,129.335,0.008,0,0,0,0,0,0
1763,0.003,0,0,1238.835315,350.067,60.129,5.863,2.107,15.527,5.83501145,0,0,0,0,0,0,0,0,0.011,0,0,0,0,0,0,0,0.027,3192.321,129.335,0.008,0,0,0,0,0,0
1764,0.003,0,0,1211.372219,342.737,58.568,5.853,2.076,14.99,5.702097352,0,0,0,0,0,0,0,0,0.011,0,0,0,0,0,0,0,0.027,3192.321,129.335,0.008,0,0,0,0,0,0
1765,0.003,0,0,1247.323908,352.94,60.631,5.912,2.124,15.68,5.871335799,0,0,0,0,0,0,0,0,0.011,0,0,0,0,0,0,0,0.027,3192.321,129.335,0.008,0,0,0,0,0,0
1766,0.003,0,0,1240.333302,349.388,59.86,5.922,2.111,15.359,5.808593741,0,0,0,0,0,0,0,0,0.011,0,0,0,0,0,0,0,0.027,3192.321,129.335,0.008,0,0,0,0,0,0
1767,0.003,0,0,1239.833973,349.624,59.892,5.915,2.113,15.401,5.816849275,0,0,0,0,0,0,0,0,0.011,0,0,0,0,0,0,0,0.027,3192.321,129.335,0.008,0,0,0,0,0,0
1768,0.003,0,0,1293.262179,363.397,62.506,6.175,2.188,16.097,5.970402208,0,0,0,0,0,0,0,0,0.011,0,0,0,0,0,0,0,0.027,3192.321,129.335,0.008,0,0,0,0,0,0
1769,0.003,0,0,1269.793715,355.032,60.952,5.967,2.138,15.736,5.909311256,0,0,0,0,0,0,0,0,0.011,0,0,0,0,0,0,0,0.027,3192.321,129.335,0.008,0,0,0,0,0,0
1770,0.003,0,0,1273.788347,355.368,60.968,5.986,2.14,15.743,5.907660149,0,0,0,0,0,0,0,0,0.011,0,0,0,0,0,0,0,0.027,3192.321,129.335,0.008,0,0,0,0,0,0
1771,0.004,0,0,1226.851418,347.87,59.425,5.857,2.101,15.322,5.835837003,0,0,0,0,0,0,0,0,0.011,0,0,0,0,0,0,0,0.027,3192.321,129.335,0.008,0,0,0,0,0,0
1772,0.004,0,0,1216.864838,345.305,58.855,5.827,2.092,15.145,5.820151488,0,0,0,0,0,0,0,0,0.011,0,0,0,0,0,0,0,0.027,3192.321,129.335,0.008,0,0,0,0,0,0
1773,0.004,0,0,1217.364167,345.783,58.918,5.784,2.093,15.205,5.865556926,0,0,0,0,0,0,0,0,0.011,0,0,0,0,0,0,0,0.027,3192.321,129.335,0.008,0,0,0,0,0,0
1774,0.004,0,0,1262.803108,358.11,61.315,5.931,2.155,15.876,6.066166402,0,0,0,0,0,0,0,0,0.011,0,0,0,0,0,0,0,0.027,3192.321,129.335,0.008,0,0,0,0,0,0
1775,0.004,0,0,1247.323908,355.055,60.542,5.971,2.149,15.589,6.000947684,0,0,0,0,0,0,0,0,0.011,0,0,0,0,0,0,0,0.027,3192.321,129.335,0.008,0,0,0,0,0,0
1776,0.004,0,0,1233.842025,349.581,59.51,5.771,2.116,15.401,6.000947684,0,0,0,0,0,0,0,0,0.011,0,0,0,0,0,0,0,0.027,3192.321,129.335,0.008,0,0,0,0,0,0
1777,0.004,0,0,1259.307805,357.552,60.895,6.001,2.17,15.673,6.073596383,0,0,0,0,0,0,0,0,0.011,0,0,0,0,0,0,0,0.027,3192.321,129.335,0.008,0,0,0,0,0,0
1778,0.004,0,0,1278.781637,362.762,61.785,6.128,2.198,15.9,6.137989548,0,0,0,0,0,0,0,0,0.011,0,0,0,0,0,0,0,0.027,3192.321,129.335,0.008,0,0,0,0,0,0
1779,0.004,0,0,1250.319883,355.933,60.502,5.89,2.159,15.627,6.124780694,0,0,0,0,0,0,0,0,0.011,0,0,0,0,0,0,0,0.027,3192.321,129.335,0.008,0,0,0,0,0,0
1780,0.004,0,0,1273.289018,362.336,61.754,5.914,2.193,16.05,6.255218132,0,0,0,0,0,0,0,0,0.011,0,0,0,0,0,0,0,0.027,3192.321,129.335,0.008,0,0,0,0,0,0
1781,0.005,0,0,1273.788347,360.098,61.195,5.974,2.189,15.807,6.19660384,0,0,0,0,0,0,0,0,0.011,0,0,0,0,0,0,0,0.027,3192.321,129.335,0.008,0,0,0,0,0,0
1782,0.005,0,0,1257.310489,356.054,60.488,5.779,2.161,15.713,6.208161588,0,0,0,0,0,0,0,0,0.011,0,0,0,0,0,0,0,0.027,3192.321,129.335,0.008,0,0,0,0,0,0
1783,0.005,0,0,1255.313173,354.294,60.103,5.771,2.151,15.607,6.189173859,0,0,0,0,0,0,0,0,0.011,0,0,0,0,0,0,0,0.027,3192.321,129.335,0.008,0,0,0,0,0,0
1784,0.005,0,0,1239.833973,351.255,59.341,5.858,2.145,15.259,6.100014092,0,0,0,0,0,0,0,0,0.011,0,0,0,0,0,0,0,0.027,3192.321,129.335,0.008,0,0,0,0,0,0
1785,0.005,0,0,1262.803108,356.813,60.496,5.821,2.166,15.733,6.223021549,0,0,0,0,0,0,0,0,0.011,0,0,0,0,0,0,0,0.027,3192.321,129.335,0.008,0,0,0,0,0,0
1786,0.005,0,0,1260.306463,354.213,59.917,5.828,2.158,15.467,6.184220539,0,0,0,0,0,0,0,0,0.011,0,0,0,0,0,0,0,0.027,3192.321,129.335,0.008,0,0,0,0,0,0
1787,0.005,0,0,1277.782979,358.801,60.755,5.918,2.185,15.71,6.237055957,0,0,0,0,0,0,0,0,0.011,0,0,0,0,0,0,0,0.027,3192.321,129.335,0.008,0,0,0,0,0,0
1788,0.005,0,0,1324.719908,372.09,63.262,6.169,2.259,16.376,6.388957783,0,0,0,0,0,0,0,0,0.011,0,0,0,0,0,0,0,0.027,3192.321,129.335,0.008,0,0,0,0,0,0
1789,0.005,0,0,1297.256811,363.449,61.634,5.958,2.208,16.001,6.327041278,0,0,0,0,0,0,0,0,0.011,0,0,0,0,0,0,0,0.027,3192.321,129.335,0.008,0,0,0,0,0,0
1790,0.005,0,0,1301.251443,364.888,61.848,5.997,2.216,16.057,6.340250132,0,0,0,0,0,0,0,0,0.011,0,0,0,0,0,0,0,0.027,3192.321,129.335,0.008,0,0,0,0,0,0
1791,0.006,0,0,1280.778953,356.665,60.22,5.86,2.173,15.616,6.238707064,0,0,0,0,0,0,0,0,0.011,0,0,0,0,0,0,0,0.027,3192.321,129.335,0.008,0,0,0,0,0,0
1792,0.006,0,0,1278.781637,354.929,59.833,5.882,2.166,15.476,6.197429393,0,0,0,0,0,0,0,0,0.011,0,0,0,0,0,0,0,0.027,3192.321,129.335,0.008,0,0,0,0,0,0
1793,0.006,0,0,1273.289018,353.379,59.587,5.783,2.153,15.479,6.207336034,0,0,0,0,0,0,0,0,0.011,0,0,0,0,0,0,0,0.027,3192.321,129.335,0.008,0,0,0,0,0,0
1794,0.006,0,0,1319.227288,365.73,62.04,5.943,2.214,16.166,6.382353356,0,0,0,0,0,0,0,0,0.011,0,0,0,0,0,0,0,0.027,3192.321,129.335,0.008,0,0,0,0,0,0
1795,0.006,0,0,1303.248759,362.2,61.245,5.968,2.203,15.884,6.295670248,0,0,0,0,0,0,0,0,0.011,0,0,0,0,0,0,0,0.027,3192.321,129.335,0.008,0,0,0,0,0,0
1796,0.006,0,0,1284.773585,355.153,59.991,5.724,2.157,15.658,6.265950326,0,0,0,0,0,0,0,0,0.011,0,0,0,0,0,0,0,0.027,3192.321,129.335,0.008,0,0,0,0,0,0
1797,0.007,0,0,1318.22863,363.556,61.473,6.002,2.213,15.939,6.303925782,0,0,0,0,0,0,0,0,0.011,0,0,0,0,0,0,0,0.027,3192.321,129.335,0.008,0,0,0,0,0,0
1798,0.007,0,0,1340.199107,367.657,62.199,6.116,2.234,16.127,6.332820151,0,0,0,0,0,0,0,0,0.011,0,0,0,0,0,0,0,0.027,3192.321,129.335,0.008,0,0,0,0,0,0
1799,0.007,0,0,1329.213869,363.493,61.498,5.912,2.208,16.037,6.336122365,0,0,0,0,0,0,0,0,0.011,0,0,0,0,0,0,0,0.027,3192.321,129.335,0.008,0,0,0,0,0,0
1800,0.008,0,0,1347.189714,365.854,62.005,5.888,2.216,16.242,6.39060889,0,0,0,0,0,0,0,0,0.011,0,0,0,0,0,0,0,0.027,3192.321,129.335,0.008,0,0,0,0,0,0
1801,0.008,0,0,1342.196424,364.924,61.667,5.971,2.219,16.064,6.358412307,0,0,0,0,0,0,0,0,0.011,0,0,0,0,0,0,0,0.027,3192.321,129.335,0.008,0,0,0,0,0,0
1802,0.01,0,0,1361.670256,362.97,61.328,5.805,2.203,16.076,6.408771065,0,0,0,0,0,0,0,0,0.011,0,0,0,0,0,0,0,0.027,3192.321,129.335,0.008,0,0,0,0,0,0
1803,0.009,0,0,1336.204475,358.659,60.406,5.743,2.18,15.831,6.374097822,0,0,0,0,0,0,0,0,0.011,0,0,0,0,0,0,0,0.027,3192.321,129.335,0.008,0,0,0,0,0,0
1804,0.009,0,0,1346.191056,360.212,60.494,5.907,2.202,15.707,6.352633433,0,0,0,0,0,0,0,0,0.011,0,0,0,0,0,0,0,0.027,3192.321,129.335,0.008,0,0,0,0,0,0
1805,0.009,0,0,1363.168243,364.311,61.321,5.849,2.215,16.094,6.469036463,0,0,0,0,0,0,0,0,0.011,0,0,0,0,0,0,0,0.027,3192.321,129.335,0.008,0,0,0,0,0,0
1806,0.01,0,0,1366.663546,364.351,61.225,5.9,2.223,15.952,6.474815337,0,0,0,0,0,0,0,0,0.011,0,0,0,0,0,0,0,0.027,3192.321,129.335,0.008,0,0,0,0,0,0
1807,0.01,0,0,1385.638049,367.242,61.708,5.944,2.24,16.118,6.526825201,0,0,0,0,0,0,0,0,0.011,0,0,0,0,0,0,0,0.027,3192.321,129.335,0.008,0,0,0,0,0,0
1808,0.01,0,0,1424.086384,380.762,64.218,6.212,2.317,16.764,6.689459221,0,0,0,0,0,0,0,0,0.011,0,0,0,0,0,0,0,0.027,3192.321,129.335,0.008,0,0,0,0,0,0
1809,0.01,0,0,1399.119933,372.856,62.711,5.996,2.268,16.441,6.656437085,0,0,0,0,0,0,0,0,0.011,0,0,0,0,0,0,0,0.027,3192.321,129.335,0.008,0,0,0,0,0,0
1810,0.01,0,0,1410.105171,374.725,62.975,6.028,2.28,16.525,6.693586988,0,0,0,0,0,0,0,0,0.011,0,0,0,0,0,0,0,0.027,3192.321,129.335,0.008,0,0,0,0,0,0
1811,0.011,0,0,1399.619262,369.277,61.831,5.962,2.253,16.189,6.626717163,0,0,0,0,0,0,0,0,0.011,0,0,0,0,0,0,0,0.027,3192.321,129.335,0.008,0,0,0,0,0,0
1812,0.011,0,0,1393.127984,365.255,60.984,5.911,2.232,15.959,6.581311726,0,0,0,0,0,0,0,0,0.011,0,0,0,0,0,0,0,0.027,3192.321,129.335,0.008,0,0,0,0,0,0
1813,0.011,0,0,1396.623287,365.922,61.138,5.846,2.232,16.065,6.631670483,0,0,0,0,0,0,0,0,0.011,0,0,0,0,0,0,0,0.027,3192.321,129.335,0.008,0,0,0,0,0,0
1814,0.011,0,0,1445.058203,377.993,63.494,6.003,2.292,16.72,6.814943339,0,0,0,0,0,0,0,0,0.011,0,0,0,0,0,0,0,0.027,3192.321,129.335,0.008,0,0,0,0,0,0
1815,0.012,0,0,1439.066255,375.588,62.873,6.051,2.287,16.488,6.75220128,0,0,0,0,0,0,0,0,0.011,0,0,0,0,0,0,0,0.027,3192.321,129.335,0.008,0,0,0,0,0,0
1816,0.013,0,0,1447.554848,372.31,62.274,5.893,2.265,16.426,6.765410134,0,0,0,0,0,0,0,0,0.011,0,0,0,0,0,0,0,0.027,3192.321,129.335,0.008,0,0,0,0,0,0
1817,0.014,0,0,1467.528009,376.45,62.943,6.054,2.296,16.518,6.786874523,0,0,0,0,0,0,0,0,0.011,0,0,0,0,0,0,0,0.027,3192.321,129.335,0.008,0,0,0,0,0,0
1818,0.014,0,0,1498.985738,383.922,64.27,6.249,2.336,16.85,6.857872116,0,0,0,0,0,0,0,0,0.011,0,0,0,0,0,0,0,0.027,3192.321,129.335,0.008,0,0,0,0,0,0
1819,0.014,0,0,1476.016603,378.34,63.259,6.026,2.304,16.665,6.854569902,0,0,0,0,0,0,0,0,0.011,0,0,0,0,0,0,0,0.027,3192.321,129.335,0.008,0,0,0,0,0,0
1820,0.014,0,0,1498.486409,383.139,64.212,6.034,2.326,16.995,6.954461864,0,0,0,0,0,0,0,0,0.011,0,0,0,0,0,0,0,0.027,3192.321,129.335,0.008,0,0,0,0,0,0
1821,0.014,0,0,1501.482383,382.905,63.989,6.126,2.334,16.861,6.931346368,0,0,0,0,0,0,0,0,0.011,0,0,0,0,0,0,0,0.027,3192.321,129.335,0.008,0,0,0,0,0,0
1822,0.015,0,0,1494.991106,378.678,63.229,5.883,2.302,16.796,6.974275145,0,0,0,0,0,0,0,0,0.011,0,0,0,0,0,0,0,0.027,3192.321,129.335,0.008,0,0,0,0,0,0
1823,0.016,0,0,1495.490435,374.401,62.263,5.843,2.282,16.533,6.930520815,0,0,0,0,0,0,0,0,0.011,0,0,0,0,0,0,0,0.027,3192.321,129.335,0.008,0,0,0,0,0,0
1824,0.016,0,0,1510.470306,377.727,62.693,6.027,2.315,16.502,6.937125242,0,0,0,0,0,0,0,0,0.011,0,0,0,0,0,0,0,0.027,3192.321,129.335,0.008,0,0,0,0,0,0
1825,0.017,0,0,1533.93877,380.324,63.187,5.953,2.323,16.809,7.03123833,0,0,0,0,0,0,0,0,0.011,0,0,0,0,0,0,0,0.027,3192.321,129.335,0.008,0,0,0,0,0,0
1826,0.017,0,0,1527.447492,378.83,62.817,5.941,2.321,16.621,7.036191651,0,0,0,0,0,0,0,0,0.011,0,0,0,0,0,0,0,0.027,3192.321,129.335,0.008,0,0,0,0,0,0
1827,0.018,0,0,1561.901195,382.485,63.391,6.018,2.346,16.8,7.088201515,0,0,0,0,0,0,0,0,0.011,0,0,0,0,0,0,0,0.027,3192.321,129.335,0.008,0,0,0,0,0,0
1828,0.018,0,0,1615.82873,396.712,66.044,6.27,2.425,17.513,7.273125477,0,0,0,0,0,0,0,0,0.011,0,0,0,0,0,0,0,0.027,3192.321,129.335,0.008,0,0,0,0,0,0
1829,0.018,0,0,1592.859595,389.182,64.574,6.076,2.379,17.194,7.238452234,0,0,0,0,0,0,0,0,0.011,0,0,0,0,0,0,0,0.027,3192.321,129.335,0.008,0,0,0,0,0,0
1830,0.024,0,0,1701.213994,392.114,64.942,6.129,2.404,17.314,7.280555458,0,0,0,0,0,0,0,0,0.011,0,0,0,0,0,0,0,0.027,3192.321,129.335,0.008,0,0,0,0,0,0
1831,0.023,0,0,1656.274381,384.209,63.338,5.99,2.361,16.878,7.208732312,0,0,0,0,0,0,0,0,0.011,0,0,0,0,0,0,0,0.027,3192.321,129.335,0.008,0,0,0,0,0,0
1832,0.023,0,0,1658.271697,383.043,62.999,6.003,2.358,16.769,7.198825671,0,0,0,0,0,0,0,0,0.011,0,0,0,0,0,0,0,0.027,3192.321,129.335,0.008,0,0,0,0,0,0
1833,0.024,0,0,1668.757607,383.461,63.071,5.924,2.357,16.865,7.257439962,0,0,0,0,0,0,0,0,0.011,0,0,0,0,0,0,0,0.027,3192.321,129.335,0.008,0,0,0,0,0,0
1834,0.024,0,0,1716.193864,394.15,65.107,6.051,2.412,17.455,7.43163173,0,0,0,0,0,0,0,0,0.011,0,0,0,0,0,0,0,0.027,3192.321,129.335,0.008,0,0,0,0,0,0
1835,0.025,0,0,1713.697219,390.563,64.237,6.065,2.405,17.171,7.368889672,0,0,0,0,0,0,0,0,0.011,0,0,0,0,0,0,0,0.027,3192.321,129.335,0.008,0,0,0,0,0,0
1836,0.029,0,0,1780.10798,390.67,64.21,5.953,2.409,17.266,7.429980624,0,0,0,0,0,0,0,0,0.011,0,0,0,0,0,0,0,0.027,3192.321,129.335,0.008,0,0,0,0,0,0
1837,0.029,0,0,1793.090535,394.764,64.825,6.125,2.44,17.354,7.452270565,0,0,0,0,0,0,0,0,0.011,0,0,0,0,0,0,0,0.027,3192.321,129.335,0.008,0,0,0,0,0,0
1838,0.03,0,0,1836.53216,401.304,65.949,6.28,2.477,17.642,7.530698139,0,0,0,0,0,0,0,0,0.011,0,0,0,0,0,0,0,0.027,3192.321,129.335,0.008,0,0,0,0,0,0
1839,0.031,0,0,1837.530818,396.919,65.113,6.084,2.453,17.506,7.544732547,0,0,0,0,0,0,0,0,0.011,0,0,0,0,0,0,0,0.027,3192.321,129.335,0.008,0,0,0,0,0,0
1840,0.033,0,0,1870.985863,396.589,65.056,5.958,2.448,17.607,7.611602372,0,0,0,0,0,0,0,0,0.011,0,0,0,0,0,0,0,0.027,3192.321,129.335,0.008,0,0,0,0,0,0
1841,0.034,0,0,1910.932185,402.38,65.947,6.194,2.49,17.746,7.635543421,0,0,0,0,0,0,0,0,0.011,0,0,0,0,0,0,0,0.027,3192.321,129.335,0.008,0,0,0,0,0,0
1842,0.036,0,0,1925.912056,397.003,64.924,5.957,2.449,17.591,7.646275615,0,0,0,0,0,0,0,0,0.011,0,0,0,0,0,0,0,0.027,3192.321,129.335,0.008,0,0,0,0,0,0
1843,0.037,0,0,1923.91474,389.745,63.426,5.818,2.411,17.218,7.583533556,0,0,0,0,0,0,0,0,0.011,0,0,0,0,0,0,0,0.027,3192.321,129.335,0.008,0,0,0,0,0,0
1844,0.039,0,0,1987.828855,393.386,63.89,6.014,2.448,17.21,7.58435911,0,0,0,0,0,0,0,0,0.011,0,0,0,0,0,0,0,0.027,3192.321,129.335,0.008,0,0,0,0,0,0
1845,0.043,0,0,2074.712106,397.857,64.687,5.984,2.471,17.599,7.684251072,0,0,0,0,0,0,0,0,0.011,0,0,0,0,0,0,0,0.027,3192.321,129.335,0.008,0,0,0,0,0,0
1846,0.043,0,0,2066.722841,395.916,64.245,5.97,2.471,17.399,7.679297751,0,0,0,0,0,0,0,0,0.011,0,0,0,0,0,0,0,0.027,3192.321,129.335,0.008,0,0,0,0,0,0
1847,0.046,0,0,2148.113473,402.993,65.446,6.107,2.521,17.761,7.761853091,0,0,0,0,0,0,0,0,0.011,0,0,0,0,0,0,0,0.027,3192.321,129.335,0.008,0,0,0,0,0,0
1848,0.047,0,0,2200.54302,414.29,67.536,6.299,2.582,18.333,7.90962715,0,0,0,0,0,0,0,0,0.011,0,0,0,0,0,0,0,0.027,3192.321,129.335,0.008,0,0,0,0,0,0
1849,0.05,0,0,2218.518865,408.947,66.429,6.177,2.552,18.075,7.879081675,0,0,0,0,0,0,0,0,0.011,0,0,0,0,0,0,0,0.027,3192.321,129.335,0.008,0,0,0,0,0,0
1850,0.054,0.675,32.3,2268.951097,411.47,66.785,6.189,2.571,18.227,7.929440432,0,0,0,0,0,0,0,0,0.011,0,0,0,0,0,0,0,0.027,3192.321,129.335,0.008,0,0,0,0,0,0
1851,0.054,0.678,33,2249.976594,402.253,64.952,6.055,2.527,17.726,7.825420703,0,0,0,0,0,0,0,0,0.011,0,0,0,0,0,0,0,0.027,3192.321,129.335,0.008,0,0,0,0,0,0
1852,0.057,0.683,33.7,2273.445058,398.173,64.085,5.989,2.512,17.51,7.786619694,0,0,0,0,0,0,0,0,0.011,0,0,0,0,0,0,0,0.027,3192.321,129.335,0.008,0,0,0,0,0,0
1853,0.059,0.688,34.4,2319.383329,400.346,64.448,5.986,2.528,17.659,7.836978451,0,0,0,0,0,0,0,0,0.011,0,0,0,0,0,0,0,0.027,3192.321,129.335,0.008,0,0,0,0,0,0
1854,0.069,0.691,35.1,2528.102862,413.407,66.796,6.159,2.61,18.34,8.015297986,0,0,0,0,0,0,0,0,0.011,0,0,0,0,0,0,0,0.027,3192.321,129.335,0.008,0,0,0,0,0,0
1855,0.071,0.693,35.8,2524.607559,408.118,65.653,6.135,2.593,17.992,7.932742646,0,0,0,0,0,0,0,0,0.011,0,0,0,0,0,0,0,0.027,3192.321,129.335,0.008,0,0,0,0,0,0
1856,0.076,0.697,36.5,2593.015635,405.537,65.171,5.946,2.577,17.984,7.972369209,0,0,0,0,0,0,0,0,0.011,0,0,0,0,0,0,0,0.027,3192.321,129.335,0.008,0,0,0,0,0,0
1857,0.077,0.703,37.2,2639.453235,414.681,66.73,6.262,2.636,18.292,8.022727967,0,0,0,0,0,0,0,0,0.011,0,0,0,0,0,0,0,0.027,3192.321,129.335,0.008,0,0,0,0,0,0
1858,0.078,0.709,37.9,2676.902912,419.021,67.472,6.385,2.66,18.48,8.068958957,0,0,0,0,0,0,0,0,0.011,0,0,0,0,0,0,0,0.027,3192.321,129.335,0.008,0,0,0,0,0,0
1859,0.083,0.711,38.7,2757.794214,416.308,66.959,6.195,2.648,18.449,8.1036322,0,0,0,0,0,0,0,0,0.011,0,0,0,0,0,0,0,0.027,3192.321,129.335,0.008,0,0,0,0,0,0
1860,0.091,0.683,39.4,2892.113722,416.762,66.981,6.113,2.653,18.551,8.153165404,0,0,0,0,0,0,0,0,0.011,0,0,0,0,0,0,0,0.027,3192.321,129.335,0.008,0,0,0,0,0,0
1861,0.095,0.674,40.2,2962.519115,417.252,66.887,6.245,2.671,18.437,8.13747989,0,0,0,0,0,0,0,0,0.011,0,0,0,0,0,0,0,0.027,3192.321,129.335,0.008,0,0,0,0,0,0
1862,0.097,0.671,40.9,2968.011734,414.17,66.361,6.06,2.649,18.416,8.188664201,0,0,0,0,0,0,0,0,0.012,0,0,0,0,0,0,0,0.027,3192.321,129.335,0.008,0,0,0,0,0,0
1863,0.104,0.669,41.7,3055.394314,408.13,65.011,5.946,2.629,18.091,8.14738653,0,0,0.001,0,0,0,0,0,0.011,0,0,0,0,0,0,0,0.027,3192.321,129.335,0.008,0,0,0,0,0,0
1864,0.112,0.667,42.5,3186.218519,412,65.525,6.131,2.672,18.123,8.168850919,0,0,0.001,0,0,0,0,0,0.011,0,0,0,0,0,0,0,0.027,3192.321,129.335,0.008,0,0,0,0,0,0
1865,0.119,0.668,43.2,3317.542053,420.497,67.105,6.216,2.721,18.667,8.316624978,0,0,0.001,0,0,0,0,0,0.011,0,0,0,0,0,0,0,0.027,3192.321,129.335,0.008,0,0,0,0,0,0
1866,0.122,0.664,44,3378.460194,417.109,66.376,6.174,2.71,18.394,8.309194997,0,0,0.001,0,0,0,0,0,0.011,0,0,0,0,0,0,0,0.027,3192.321,129.335,0.008,0,0,0,0,0,0
1867,0.13,0.662,44.8,3554.723341,424.305,67.662,6.315,2.762,18.768,8.411563619,0,0,0.001,0,0,0,0,0,0.012,0,0,0,0,0,0,0,0.027,3192.321,129.335,0.008,0,0,0,0,0,0
1868,0.135,0.661,45.6,3660.081765,435.649,69.783,6.53,2.83,19.334,8.569244319,0,0,0.001,0,0,0,0,0,0.011,0,0,0,0,0,0,0,0.027,3192.321,129.335,0.008,0,0,0,0,0,0
1869,0.142,0.661,46.4,3780.420061,426.411,67.932,6.325,2.785,18.889,8.513106688,0,0,0.001,0,0,0,0,0,0.011,0,0,0,0,0,0,0,0.027,3192.321,129.335,0.008,0,0,0,0,0,0
1870,0.147,0.727,47.1,3876.291234,433.237,69.123,6.439,2.831,19.259,8.62042863,0,0,0.001,0,0,0,0,0,0.011,0,0,0,0,0,0,0,0.027,3192.321,129.335,0.008,0,0,0,0,0,0
1871,0.156,0.756,47.9,4004.618793,425.169,67.43,6.346,2.798,18.762,8.560163232,0,0,0.001,0,0,0,0,0,0.012,0,0,0,0,0,0,0,0.027,3192.321,129.335,0.008,0,0,0,0,0,0
1872,0.173,0.777,48.7,4240.302094,418.413,65.971,6.208,2.775,18.395,8.534571076,0,0,0.001,0,0,0,0,0,0.011,0,0,0,0,0,0,0,0.027,3192.321,129.335,0.008,0,0,0,0,0,0
1873,0.184,0.796,49.5,4460.506195,429.288,67.996,6.382,2.842,18.938,8.721971699,0,0,0.001,0,0,0,0,0,0.011,0,0,0,0,0,0,0,0.027,3192.321,129.335,0.008,0,0,0,0,0,0
1874,0.174,0.812,50.3,4369.628312,435.812,69.35,6.48,2.868,19.305,8.876350185,0,0,0.001,0,0,0,0,0,0.012,0,0,0,0,0,0,0,0.027,3192.321,129.335,0.008,0,0,0,0,0,0
1875,0.188,0.827,51.1,4539.400181,426.902,67.484,6.377,2.834,18.754,8.803701486,0,0,0.001,0,0,0,0,0,0.011,0,0,0,0,0,0,0,0.027,3192.321,129.335,0.008,0,0,0,0,0,0
1876,0.191,0.839,51.9,4629.279406,430.163,68.201,6.329,2.847,19.033,8.948173331,0,0,0.001,0,0,0,0,0,0.012,0,0,0,0,0,0,0,0.027,3192.321,129.335,0.008,0,0,0,0,0,0
1877,0.194,0.849,52.7,4749.118372,434.069,68.78,6.522,2.882,19.089,8.996055428,0,0,0.001,0,0,0,0,0,0.011,0,0,0,0,0,0,0,0.027,3192.321,129.335,0.008,0,0,0,0,0,0
1878,0.196,0.858,53.5,4792.060668,437.968,69.472,6.655,2.905,19.229,9.080261875,0,0,0.001,0,0,0,0,0,0.012,0,0,0,0,0,0,0,0.027,3192.321,129.335,0.008,0,0,0,0,0,0
1879,0.21,0.864,54.3,5039.727866,440.859,70.088,6.555,2.929,19.487,9.231338148,0,0,0.001,0,0,0,0,0,0.011,0,0,0,0,0,0,0,0.027,3192.321,129.335,0.008,0,0,0,0,0,0
1880,0.236,0.861,55.1,5463.15888,438.057,69.318,6.451,2.925,19.358,9.261883624,0,0,0.001,0,0,0,0,0,0.012,0,0,0,0,0,0,0,0.027,3192.321,129.335,0.008,0,0,0,0,0,0
1881,0.243,0.875,55.8,5638.922698,440.982,69.711,6.648,2.963,19.328,9.308114615,0,0,0.001,0,0,0,0,0,0.011,0,0,0,0,0,0,0,0.027,3192.321,129.335,0.008,0,0,0,0,0,0
1882,0.256,0.884,56.6,5861.623443,436.086,68.752,6.446,2.944,19.158,9.364252246,0,0,0.001,0,0,0,0,0,0.012,0,0,0,0,0,0,0,0.027,3192.321,129.335,0.008,0,0,0,0,0,0
1883,0.272,0.895,57.4,6118.777892,428.229,67.064,6.332,2.918,18.709,9.329579003,0,0,0.001,0,0,0,0,0,0.012,0,0,0,0,0,0,0,0.027,3192.321,129.335,0.008,0,0,0,0,0,0
1884,0.275,0.904,58.1,6227.63162,437.189,68.72,6.592,2.982,19.04,9.469923081,0,0,0.001,0,0,0,0,0,0.012,0,0,0,0,0,0,0,0.027,3192.321,129.335,0.008,0,0,0,0,0,0
1885,0.277,0.912,58.9,6277.065194,438.15,68.951,6.549,2.987,19.207,9.578896131,0,0,0.001,0,0,0,0,0,0.011,0,0,0,0,0,0,0,0.027,3192.321,129.335,0.008,0,0,0,0,0,0
1886,0.281,0.915,59.6,6334.488032,437.741,68.871,6.601,3.001,19.068,9.639161529,0,0,0.001,0,0,0,0,0,0.012,0,0,0,0,0,0,0,0.027,3192.321,129.335,0.008,0,0,0,0,0,0
1887,0.295,0.919,60.4,6586.64919,443.116,69.796,6.712,3.045,19.329,9.762168986,0,0,0.001,0,0,0,0,0,0.012,0,0,0,0,0,0,0,0.027,3192.321,129.335,0.008,0,0,0,0,0,0
1888,0.327,0.924,61.1,7163.374216,453.205,71.56,6.883,3.127,19.817,9.947918502,0,0,0.001,0,0,0,0,0,0.012,0,0,0,0,0,0,0,0.027,3192.321,129.335,0.008,0,0,0,0,0,0
1889,0.327,0.929,61.8,7157.382268,448.699,70.659,6.84,3.104,19.553,9.968557337,0,0,0.001,0,0,0,0,0,0.012,0,0,0,0,0,0,0,0.027,3192.321,129.335,0.008,0,0,0,0,0,0
1890,0.356,0.959,62.6,7706.144868,453.907,71.478,6.932,3.159,19.778,10.08991369,0,0,0.001,0,0,0,0,0,0.012,0,0,0,0,0,0,0,0.027,3192.321,129.335,0.008,0,0,0,0,0,0
1891,0.372,0.986,63.6,8002.74631,444.39,69.533,6.812,3.125,19.2,10.03790382,0,0,0.001,0,0,0,0,0,0.012,0,0,0,0,0,0,0,0.027,3192.321,129.335,0.008,0,0,0,0,0,0
1892,0.374,1.002,64.7,8145.055082,440.471,68.788,6.75,3.115,18.979,10.07753039,0,0,0.001,0,0,0,0,0,0.012,0,0,0,0,0,0,0,0.027,3192.321,129.335,0.008,0,0,0,0,0,0
1893,0.37,1.014,65.8,8097.119496,443.359,69.489,6.766,3.126,19.179,10.22035112,0,0,0.001,0,0,0,0,0,0.012,0,0,0,0,0,0,0,0.027,3192.321,129.335,0.008,0,0,0,0,0,0
1894,0.383,1.026,66.9,8387.22966,456.704,71.91,7.018,3.205,19.836,10.45398274,0,0,0.001,0,0,0,0,0,0.012,0,0,0,0,0,0,0,0.027,3192.321,129.335,0.008,0,0,0,0,0,0
1895,0.406,1.037,67.9,8821.146584,453.559,71.153,7.037,3.216,19.523,10.46141272,0,0,0.001,0,0,0,0,0,0.014,0,0,0,0,0,0,0,0.027,3192.321,129.335,0.008,0,0,0,0,0,0
1896,0.419,1.045,68.9,9065.318478,444.761,69.548,6.749,3.174,19.207,10.50764371,0,0,0.001,0,0,0,0,0,0.012,0,0,0,0,0,0,0,0.027,3192.321,129.335,0.008,0,0,0,0,0,0
1897,0.44,1.055,69.9,9492.744125,456.421,71.548,7.159,3.268,19.582,10.64138336,0,0,0.001,0,0,0,0,0,0.012,0,0,0,0,0,0,0,0.027,3192.321,129.335,0.008,0,0,0,0,0,0
1898,0.465,1.06,70.9,9981.087913,456.612,71.458,7.241,3.297,19.502,10.69834654,0,0,0.001,0,0,0,0,0,0.014,0,0,0,0,0,0,0,0.027,3192.321,129.335,0.008,0,0,0,0,0,0
1899,0.507,1.063,71.8,10806.47879,462.112,72.463,7.189,3.355,19.869,10.90308379,0,0,0.001,0,0,0,0,0,0.012,0,0,0,0,0,0,0,0.027,3192.321,129.335,0.008,0,0,0,0,0,0
1900,0.534,1.1,72.6,11315.7944,459.553,71.908,7.145,3.362,19.751,10.96004697,0,0,0.001,0,0,0,0,0,0.014,0,0,0,0,0,0,0,0.027,3192.321,129.335,0.008,0,0,0,0,0,0
1901,0.552,1.128,73.4,11741.22273,457.624,71.634,7.282,3.383,19.488,10.98068581,0,0,0.001,0,0,0,0,0,0.012,0.001,0,0,0,0,0,0,0.027,3192.321,129.335,0.008,0,0,0,0,0,0
1902,0.566,1.144,74.4,12065.7866,455.034,71.244,7.212,3.381,19.358,11.07314779,0,0,0.001,0,0,0,0,0,0.049,0.005,0,0,0,0,0,0,0.027,3192.321,129.335,0.008,0,0,0,0,0,0
1903,0.617,1.16,75.4,13006.02316,449.971,70.256,7.16,3.389,19.031,11.09296107,0,0,0.001,0,0,0,0,0,0.054,0.006,0,0,0,0,0,0,0.027,3192.321,129.335,0.008,0,0,0,0,0,0
1904,0.624,1.173,76.5,13238.21115,463.284,73.009,7.466,3.468,19.686,11.34145265,0,0,0.001,0,0,0,0,0,0.055,0.007,0,0,0,0,0,0,0.027,3192.321,129.335,0.008,0,0,0,0,0,0
1905,0.663,1.184,77.6,14060.10673,467.448,73.711,7.653,3.525,19.753,11.43804239,0,0,0.001,0,0,0,0,0,0.065,0.008,0,0,0,0,0,0,0.027,3192.321,129.335,0.008,0,0,0,0,0,0
1906,0.707,1.191,78.7,14723.71501,466.443,73.463,7.662,3.549,19.608,11.5247255,0,0,0.001,0,0,0,0,0,0.082,0.012,0,0,0,0,0,0,0.027,3192.321,129.335,0.008,0,0,0,0,0,0
1907,0.784,1.201,79.8,16217.70746,480.325,76.006,8.027,3.674,20.145,11.73689273,0,0,0.001,0,0,0,0,0,0.106,0.017,0,0,0,0,0,0,0.027,3192.321,129.335,0.008,0,0,0,0,0,0
1908,0.75,1.203,80.8,15547.6079,483.269,76.985,8.131,3.679,20.373,11.9003523,0,0,0.001,0,0,0,0,0,0.133,0.022,0,0,0,0,0,0,0.027,3192.321,129.335,0.008,0,0,0,0,0,0
1909,0.785,1.212,81.7,16323.56521,480.697,76.442,8.162,3.69,20.109,11.94162997,0,0,0.001,0,0,0,0,0,0.09,0.014,0,0,0,0,0,0,0.029,3192.321,129.335,0.008,0,0,0,0,0,0
1910,0.819,1.189,82.6,17073.05808,491.479,78.483,8.378,3.768,20.602,12.16122717,0,0,0.001,0,0,0,0,0,0.183,0.032,0,0,0,0,0,0,0.034,3192.321,129.335,0.008,0,0,0,0,0,0
1911,0.836,1.183,83.5,17194.39503,482.381,76.735,8.31,3.726,20.008,12.1182984,0,0,0.001,0,0,0,0,0,0.269,0.047,0,0,0,0,0,0,1.605,3192.321,129.335,0.008,0,0,0,0,0,0
1912,0.879,1.172,84.5,17938.89461,478.662,75.959,8.289,3.713,19.711,12.15297164,0,0,0.001,0,0,0,0,0,0.252,0.044,0,0,0,0,0,0,0.616,3192.321,129.335,0.008,0,0,0,0,0,0
1913,0.943,1.166,85.7,19017.44531,488.275,77.582,8.522,3.788,20.007,12.31890787,0,0,0.001,0,0,0,0,0,0.328,0.057,0,0,0,0,0,0,0.577,3192.321,129.335,0.008,0,0,0,0,0,0
1914,0.85,1.146,86.9,17543.92535,494.506,79.779,8.632,3.765,20.593,12.58308496,0,0,0.001,0,0,0,0,0,0.355,0.063,0,0,0,0,0,0,2.288,3192.321,129.335,0.008,0,0,0,0,0,0
1915,0.838,1.136,88.1,17521.95487,484.256,78.352,8.569,3.722,20.061,12.57482943,0,0,0.001,0,0,0,0,0,0.367,0.065,0,0,0,0,0,0,3.683,3192.321,129.335,0.008,0,0,0,0,0,0
1916,0.901,1.128,89.4,19012.45202,483.635,78.408,8.637,3.748,19.939,12.67224473,0,0,0.001,0,0,0,0,0,0.42,0.074,0,0,0,0,0,0,6.097,3192.321,129.335,0.008,0,0,0,0,0,0
1917,0.955,1.123,90.6,19849.32747,492.968,80.456,9.135,3.826,20.178,12.79607774,0,0,0.001,0,0,0,0,0,0.591,0.106,0,0,0,0,0,0,7.205,3192.321,129.335,0.008,0,0,0,0,0,0
1918,0.936,1.123,91.7,19686.04687,496.25,81.615,9.273,3.831,20.369,12.96449063,0,0,0.001,0,0,0,0,0,0.662,0.118,0,0,0,0,0,0,5.64,3192.321,129.335,0.008,0,0,0,0,0,0
1919,0.806,1.123,92.7,16945.22985,490.987,81.679,9.053,3.722,20.369,13.13950796,0,0,0.001,0,0,0,0,0,0.664,0.118,0,0,0,0,0,0,5.41,3192.321,129.335,0.008,0,0,0,0,0,0
1920,0.932,1.172,93.6,18750.80361,499.564,83.099,9.447,3.817,20.433,13.24600435,0,0,0.001,0,0,0,0,0,0.599,0.106,0,0,0,0,0,0,3.742,3192.321,129.335,0.008,0,0,0,0,0,0
1921,0.803,1.2,94.4,16003.4953,486.622,81.189,9.267,3.661,19.847,13.21710998,0,0,0.001,0,0,0,0,0,0.627,0.111,0,0,0,0,0,0,3.104,3192.321,129.335,0.008,0,0,0,0,0,0
1922,0.845,1.223,95.3,16901.78822,484.835,80.533,9.303,3.658,19.475,13.26994539,0,0,0.001,0,0,0,0,0,0.255,0.043,0,0,0,0,0,0,5.476,3192.321,129.335,0.008,0,0,0,0,0,0
1923,0.97,1.234,96.2,19666.57304,514.243,86.278,10.2,3.882,20.418,13.59603899,0,0,0.001,0,0,0,0,0,0.44,0.077,0,0,0,0,0,0,8.142,3192.321,129.335,0.008,0,0,0,0,0,0
1924,0.963,1.243,97.2,19467.34076,499.762,83.336,9.861,3.779,19.808,13.55806353,0,0,0.001,0,0,0,0,0,0.779,0.139,0,0,0,0,0,0,7.966,3192.321,129.335,0.008,0,0,0,0,0,0
1925,0.975,1.25,98.2,19681.55291,502.703,84.063,10.062,3.79,19.754,13.90314485,0,0,0.001,0,0,0,0,0,0.881,0.156,0,0,0,0,0,0,9.598,3192.321,129.335,0.008,0,0,0,0,0,0
1926,0.983,1.254,99.2,19751.45898,499.05,84.17,10.128,3.724,19.573,14.15576419,0,0,0.001,0,0,0,0,0,0.892,0.157,0,0,0,0,0,0,11.96,3192.321,129.335,0.008,0,0,0,0,0,0
1927,1.062,1.259,100,21078.67553,515.099,86.529,10.618,3.85,19.876,14.39104691,0,0,0.001,0,0,0,0,0,0.971,0.17,0,0,0,0,0,0,9.221,3192.321,129.335,0.008,0,0,0,0,0,0
1928,1.065,1.259,101,21006.27282,516.534,87.246,10.701,3.832,19.946,14.5578087,0,0,0.001,0,0,0,0,0,1.091,0.191,0,0,0,0,0,0,12.244,3192.321,129.335,0.008,0,0,0,0,0,0
1929,1.145,1.257,102,22337.48401,527.062,89.378,10.997,3.891,20.275,14.75016264,0,0.011,0.001,0,0,0,0,0,1.281,0.224,0,0,0,0,0,0,17.085,3192.321,129.335,0.008,0,0,0,0,0,0
1930,1.053,1.307,103,20732.14119,535.043,91.597,11.062,3.908,20.952,14.95077212,0,0.054,0.001,0,0,0,0,0,1.343,0.233,0,0,0.045,0,0,0,19.147,3192.321,129.335,0.008,0,0,0,0,0,0
1931,0.94,1.343,103,18295.41554,504.906,86.487,10.257,3.699,19.783,14.82611356,0,-0.047,0.001,0,0,0,0,0,1.236,0.213,0,0,0.673,0,0,0,22.374,3192.321,129.549,0.008,0,0,0,0,0,0
1932,0.847,1.364,104,16106.35708,510.885,88.039,10.33,3.705,20.193,14.94912101,0,-0.009,0.001,0,0,0,0,0,0.901,0.152,0,0,1.835,0,0,0,21.692,3192.321,130.513,0.008,0,0,0,0,0,0
1933,0.893,1.39,105,16945.72918,508.124,87.741,10.164,3.674,20.02,14.97553872,0,0.001,0.001,0,0,0,0,0,0.548,0.09,0,0,1.726,0,0,0,23.788,3192.321,131.607,0.008,0,0,0,0,0,0
1934,0.973,1.407,106,18625.97135,528.041,91.499,10.792,3.818,20.703,15.12744055,0,0.001,0.001,0,0,0,0,0,0.564,0.094,0,0,1.746,0,0,0,27.272,3192.321,132.571,0.008,0,0,0,0,0,0
1935,1.027,1.423,107,20019.59866,529.448,91.904,10.932,3.827,20.543,15.12248723,0,0.001,0.001,0,0,0,0,0,0.745,0.124,0,0,1.766,0,0,0,32.962,3192.321,133.547,0.008,0,0,0,0,0,0
1936,1.13,1.44,108,21537.55891,550.787,95.975,11.623,3.976,21.197,15.40565205,0,0.001,0.001,0,0,0,0,0,1.21,0.202,0,0,1.785,0,0,0,40.979,3192.321,134.523,0.008,0,0,0,0,0,0
1937,1.209,1.449,109,23164.37287,550.618,95.847,11.742,3.978,20.851,15.46756855,0,0.001,0.001,0,0,0,0,0,1.64,0.27,0,0,1.805,0,0,0,44.987,3192.321,135.499,0.008,0,0,0,0,0,0
1938,1.142,1.455,110,21480.6354,535.435,93.238,11.236,3.879,20.284,15.4543597,0,0.001,0.001,0,0,0,0,0,2.124,0.347,0,0,1.825,0,0,0,45.701,3192.321,136.475,0.008,0,0,0,0,0,0
1939,1.192,1.456,111,22943.66944,554.546,97.347,11.831,4.011,21.021,15.67560801,0,0.001,0.001,0,0,0,0,0,2.414,0.389,0,0,1.845,0.014,0,0,48.952,3192.321,137.451,0.008,0,0,0,0,0,0
1940,1.299,1.485,112,25088.28761,551.14,96.623,12.097,4.031,20.596,15.63763255,0,0.001,0.001,0,0,0,0,0,2.918,0.465,0,0,1.865,0.271,0,0,56.146,3192.32,138.427,0.008,0,0,0,0,0,0
1941,1.334,1.511,113,26038.51075,552.958,97.096,12.308,4.05,20.462,15.71358347,0,0.001,0.001,0,0,0,0,0,2.963,0.464,0,0,1.885,1.201,0,0,65.271,3192.322,139.404,0.245,0,0,0,0,0,0
1942,1.342,1.507,114,26624.72303,560.192,98.659,12.502,4.114,21.014,15.85970642,0,0.002,0.001,0,0,0,0,0,3.934,0.611,0,0,1.904,1.991,0,0,80.346,3192.317,140.38,0.223,0,0,0,0,0,0
1943,1.391,1.501,116,27032.17551,561.026,99.488,12.796,4.115,20.765,15.87208972,0,0.002,0.001,0,0,0,0,0,5.115,0.781,0,0,1.924,2.78,0,0,94.745,3204.454,141.356,0.195,0,0,0,0,0,0
1944,1.383,1.492,118,26503.38607,570.135,102.141,13.139,4.115,20.949,16.06692032,0,0.002,0.001,0,0,0,0,0,6.85,1.026,0.425,0,1.944,3.57,0,0,108.794,3235.416,142.332,0.167,0,0,0,0,0,0
1945,1.16,1.482,121,23347.1273,562.396,102.389,13.017,3.971,20.631,16.12388351,0,0.002,0.001,0,0,0,0,0,4.842,0.698,8.798,0.121,1.964,4.359,0,0,82.964,3251.022,143.308,0.148,0,0,0,0,0,0
1946,1.238,1.473,123,23069.99969,555.297,102.66,12.874,3.971,20.306,16.2551465,0,0.002,0.001,0,0,0,0,0,1.501,0.197,26.648,1.966,1.984,5.147,0,0,72.748,3268.473,144.284,0.097,0,0,0,0,0,0
1947,1.392,1.463,125,25903.19258,563.412,104.159,13.597,4.004,20.192,16.44172157,0,0.002,0.001,0,0,0,0,0,1.729,0.234,26.586,5.461,2.004,5.933,0,0,73.699,3285.941,145.26,0.076,0,0,0,0,0,0
1948,1.469,1.448,128,27085.60372,587.222,108.225,14.422,4.128,20.68,16.80579062,0,0.003,0.001,0,0,0,0,0,2.711,0.365,26.643,5.165,2.023,6.79,0,0,86.346,3303.403,146.236,0.062,0,0,0,0,0,0
1949,1.419,1.423,130,26122.89736,588.449,109.157,13.974,4.096,21.081,17.2614961,0,0.003,0.001,0,0,0,0,0.007,2.938,0.381,26.902,5.274,2.043,6.89,0,0,93.758,3320.867,147.213,0.038,0,0,0,0,0,0
1950,1.63,1.506,132,29064.44465,619.951,113.861,15.434,4.331,22.106,17.8336046,0,0.004,0.001,0,0,0,0,0.043,2.684,0.332,26.664,5.231,2.063,7.235,0,0,100.459,3338.175,148.189,0.005,0,0,0,0,0,0
1951,1.767,1.557,134,30291.29607,593.207,109.093,15.209,4.213,20.399,17.92358992,0,0.049,0.001,0,0,0,0,0.093,2.87,0.341,31.857,6.815,2.064,7.931,0,0,96.524,3356.754,149.165,-0.008,0,0,0,0,0,0
1952,1.795,1.578,137,30686.26533,607.575,112.735,15.567,4.282,20.985,18.49239622,0,0.177,0.001,0,0,0,0,0.251,3.223,0.364,38.196,10.809,2.268,7.862,0,0,71.792,3378.277,150.123,0.009,0,0,0,0,0,0
1953,1.841,1.607,141,31301.93802,623.983,116.779,16.209,4.4,21.601,19.05955141,0,0.325,0.001,0,0,0,0,0.263,3.296,0.348,40.743,15.238,2.45,8.08,0,0.031,79.166,3400.349,151.282,-0.006,0,0,0,0,0,0
1954,1.865,1.637,145,31510.15822,628.917,118.791,16.537,4.475,21.655,19.41619048,0,0.452,0.001,0,0,0,0,0.263,3.608,0.356,45.977,19.523,2.794,8.087,0,0.436,84.713,3438.554,152.376,0.002,0,0,0,0,0,0
1955,2.042,1.662,150,34455.20082,641.334,122.544,17.553,4.586,21.612,19.63826434,0,0.576,0.001,0,0,0,0,0.263,3.646,0.33,51.771,24.177,3.389,8.113,0,2.484,90.245,3474.203,153.474,-0.002,0,0,0,0,0,0
1956,2.177,1.694,155,37013.76276,674.56,129.965,18.737,4.848,22.758,20.14680524,0,0.698,0.001,0,0,0,0,0.263,3.648,0.301,59.514,30.393,3.718,8.178,0,5.311,95.814,3493.8,154.572,-0.006,0,0,0,0,0,0
1957,2.27,1.721,160,38760.91502,695.958,135.593,19.645,5.085,23.827,20.72964594,0,0.818,0.001,0,0,0,0,0.263,3.496,0.262,68.884,36.157,4.257,7.819,0,8.661,101.205,3520.114,155.67,0.009,0,0,0,0,0,0
1958,2.33,1.752,164,39227.78766,661.293,129.21,19.227,5.061,22.247,20.86090893,0,0.936,0.001,0,0,0,0,0.263,3.102,0.211,74.701,36.622,5.004,7.947,0,11.087,106.585,3547.111,156.768,0.006,0,0,0,0,0,0
1959,2.454,1.774,168,41199.63799,665.444,131.212,19.604,5.187,22.137,21.28689449,0,1.051,0.001,0,0,0,0,0.264,3.019,0.188,80.165,34.903,5.734,7.433,0,13.719,112.145,3574.397,157.844,0.004,0,0,0,0,0,0
1960,2.569,1.644,172,42848.42243,669.208,133.457,20.21,5.292,22.097,21.57583818,0,1.164,0.001,0,0,0,0,0.264,3.398,0.196,93.412,40.831,6.454,6.917,0,18.206,117.488,3601.481,159.13,0.002,0,0,0,0,0,0
1961,2.58,1.574,175,48230.69001,701.013,143.567,20.88,5.28,23.374,22.199131,0,1.275,0.001,0,0,0,0,0.395,3.559,0.191,108.169,53.89,7.363,7.337,0,20.821,123.039,3627.703,160.345,0,0,0.002,0,0,0,0
1962,2.686,1.529,179,49230.34672,678.857,140.108,21.472,5.269,22.55,22.61273325,0,1.384,0.001,0,0,0,0,0.527,3.555,0.179,122.492,68.483,8.464,7.668,0,26.166,128.129,3652.725,161.547,-0.002,0,0.003,0,0,0,0
1963,2.833,1.473,182,50770.77677,741.327,156.133,22.799,5.437,24.61,23.73053256,0,1.491,0.001,0,0,0,0,0.658,3.794,0.182,143.048,84.968,9.753,7.763,0.004,32.892,132.314,3676.277,162.95,-0.004,0,0.005,0,0,0,0
1964,2.995,1.42,187,52680.7103,689.774,146.58,23.346,5.264,22.407,23.62238506,0,1.595,0.001,0,0,0,0,0.659,3.972,0.184,167.726,102.345,11.017,7.916,0.093,36.52,136.954,3697.947,164.306,-0.006,0,0.006,0,0,0,0
1965,3.13,1.373,191,53907.06238,709.32,153.407,24.151,5.27,22.65,24.74348658,0,1.697,0.001,0,0,0,0,0.527,4.572,0.208,191.907,118.967,12.637,8.442,0.436,45.018,139.104,3717.63,165.447,-0.011,0,0.007,0,0,0,0
1966,3.288,1.329,196,55108.94735,710.949,156.497,24.906,5.285,22.434,26.04868651,0,1.796,0.001,0,0,0,0,0.528,4.924,0.223,215.343,133.967,14.698,9.099,0.566,63.306,138.858,3735.225,166.833,0.01,0.002,0.066,0,0,0,0
1967,3.393,1.306,201,54604.62504,746.217,164.777,26.435,5.39,23.585,27.38195526,0,1.894,0.001,0,0,0,0,0.528,5.592,0.259,242.355,150.82,16.671,9.604,0.674,89.628,138.938,3750.949,168.358,0.025,0.003,0.18,0,0,0,0
1968,3.566,1.303,207,56705.80158,741.122,165.216,27.483,5.375,22.854,28.38995596,0,1.989,0.001,0,0,0,0,0.791,6.457,0.313,272.764,171.514,19.055,10.06,0.975,114.716,138.886,3764.715,169.817,0.125,0.004,0.262,0,0,0,0
1969,3.78,1.31,212,58298.16185,747.038,169.683,28.093,5.404,22.1,28.86299806,0,2.082,0.001,0,0,0,0,0.791,7.156,0.373,305.481,197.619,21.784,10.466,1.24,137.554,138.901,3776.609,171.281,0.398,0.004,0.313,0,0,0,0
1970,4.053,1.276,216,61351.55884,781.045,179.687,29.863,5.55,22.78,30.933486,0,2.172,0.001,0,0.001,0,0,0.66,8.552,0.493,337.416,227.634,25.083,10.823,1.679,150.584,138.981,3786.967,172.746,0.551,0.008,0.332,0,0,0,0
1971,4.208,1.24,211,61537.80857,796.21,183.537,30.653,5.704,23.195,31.48165346,0,2.261,0.001,0,0,0.021,0,0.792,9.621,0.623,365.233,253.61,28.737,11.162,1.974,167.908,138.959,3795.778,174.191,0.64,0.071,0.36,0,0,0,0
1972,4.376,1.204,220,63283.46285,869.144,196.793,32.531,5.975,25.556,32.66879925,0,2.346,0.001,0,0,0.057,0,0.923,10.798,0.787,395.484,281.773,32.93,11.574,2.057,208.54,138.836,3803.344,175.817,0.739,0.183,0.425,0,0,0,0
1973,4.614,1.177,223,66125.64367,826.036,186.527,33.261,5.896,23.456,32.98746286,0,2.43,0.001,0,0,0.082,0,0.924,12.148,0.991,435.931,321.602,37.693,12.071,2.503,262.867,138.764,3809.791,177.608,0.949,0.296,0.496,0,0,0,0
1974,4.623,1.137,222,65181.91181,824.628,183.603,33.205,5.972,23.6,33.59341906,0,2.511,0.001,0,0,0.096,0,0.924,14.08,1.272,481.621,364.369,43.145,12.655,2.932,316.205,138.954,3815.085,179.108,1.398,0.388,0.576,0,0,0,0
1975,4.596,1.106,227,63997.00403,816.928,177.515,32.777,5.999,23.13,34.24147848,0,2.59,0.001,0,0,0.098,0,1.056,16.095,1.579,494,374.492,49.583,13.325,3.304,334.126,139.051,3819.606,180.855,2.016,0.465,0.663,0,0,0,0
1976,4.864,1.088,233,66961.02113,856.701,186.368,34.446,6.241,24.434,35.10913511,0,2.666,0.001,0,0.112,0.089,0,1.171,14.563,1.461,478.619,371.674,56.665,14.453,4.185,372.502,138.887,3823.495,182.769,2.656,0.979,0.836,0,0,0,0
1977,5.016,1.064,239,67581.18778,868.439,189.227,35.176,6.353,24.387,35.7258235,0,2.74,0.001,0,0.299,0.068,0,1.324,16.116,1.539,466.188,370.135,67.507,15.609,4.792,460.417,138.827,3826.685,184.391,3.347,1.745,1.048,0,0,0,0
1978,5.074,1.028,240,67825.859,897.412,192.936,36.494,6.579,25.02,36.52330809,0,2.812,0.001,0,0.424,0.035,0,1.726,18.185,1.793,448.669,355.363,56.095,16.212,5.3,568.487,138.837,3829.343,186.265,3.961,2.217,1.199,0,0,0,0
1979,5.357,1.001,247,68919.8889,900.474,196.018,37.171,6.677,25.212,37.26135283,0,4.702,0.001,0,0.486,0.014,0,2.898,17.725,1.832,419.475,322.149,64.681,16.258,5.709,583.655,138.834,3831.58,188.278,4.358,2.39,1.285,0,0,0,0
1980,5.301,1.04,249,68586.33711,891.099,194.502,36.913,6.622,25.259,37.96307322,0,5.223,0.001,0,0.483,-0.141,0,3.162,18.476,1.958,405.461,297.572,91.286,15.751,6.021,560.106,140.662,3833.417,190.225,4.791,2.261,1.303,0,0,0,0
1981,5.138,1.05,246,66495.64648,875.789,189.17,36.147,6.578,24.873,38.28421349,0,5.621,0.001,0,0.416,-0.239,0,2.9,19.867,2.156,442.77,307.756,112.805,15.048,6.938,558.971,134.317,3834.93,192.159,5.174,2.178,1.338,0,0,0,0
1982,5.094,1.062,264,65342.19642,967.437,206.886,36.6,6.915,28.273,39.35165404,0,5.388,0.001,0,0.346,-0.028,0,3.164,17.974,2.05,413.393,309.465,146.337,15.202,8.432,550.786,133.602,3836.176,194.295,5.78,2.475,1.38,0,0,0,0
1983,5.075,1.104,258,64365.50885,862.029,183.837,35.217,6.626,24.459,39.33431742,0,4.019,0.001,0,0.352,0.281,0,3.165,16.703,1.676,452.676,297.929,130.634,13.191,9.917,570.073,137.281,3837.27,196.365,7.093,2.896,1.403,0,0,0,0
1984,5.258,1.14,253,65122.49165,890.287,189.444,36.367,6.819,25.352,40.20445071,0,3.528,0.001,0,0.358,0.196,0,3.166,17.517,1.796,389.317,325.011,146.852,15.076,9.774,596.755,139.678,3838.159,198.399,6.765,3.611,1.79,0,0,0,0
1985,5.417,1.158,256,65284.27426,906.945,190.458,36.906,6.923,25.833,40.79472139,0,4.55,0.001,0,0.364,0.015,0,3.692,17.583,2.158,439.995,461.502,178.434,16.74,9.427,612.093,140.397,3838.923,200.843,6.096,4.634,1.49,0,0,0,0
1986,5.583,1.195,264,65289.76688,914.53,195.666,37.331,7.014,25.912,41.4518619,0,5.828,0.001,0,0.675,0.046,0,3.957,14.396,2.028,502.126,325.235,183.838,18.47,12.919,595.159,148.746,3839.493,203.152,7.489,5.721,1.289,0,0,0,0
1987,5.725,1.232,275,66527.60353,952.069,203.587,38.55,7.2,27.252,42.37730726,0,5.344,0.001,0,0.534,0.14,0,3.958,15.304,2.109,545.446,397.038,228.783,18.528,12.728,634.933,147.794,3840.037,205.449,8.978,6.229,1.628,0,0,0,0
1988,5.936,1.249,269,67094.34198,951.004,203.643,39.997,7.401,27.211,42.70917973,0.001,6.751,0.001,0,0.695,-0.042,0,4.485,15.963,2.272,660.243,415.433,259.816,16.906,10.882,693.671,140.652,3840.458,207.954,9.489,6.008,1.887,0,0,0,0
1989,6.066,1.276,275,67117.81044,930.854,200.318,40.18,7.32,26.331,42.98161235,0.009,7.154,0.001,0,1.012,-0.168,0,4.749,16.434,2.413,507.842,428.581,246.861,15.559,12.742,700.944,159.282,3840.793,210.37,10.154,5.342,2.268,0,0,0,0
1990,6.065,1.278,279,66899.60366,940.571,203.023,40.318,7.508,27.366,43.35889026,0.138,6.926,0.001,0.045,0.877,0.013,0,5.277,16.333,2.383,423.013,303.359,240.075,12.697,12.75,702.668,129.252,3841.082,212.974,11.464,4.867,1.994,0,0,0,0
1991,6.133,1.292,277,66279.93634,1129.992,244.43,42.321,8.012,34.395,44.79617873,1.305,7.203,0.012,0.63,0.892,0.106,0,5.541,16.255,2.347,346.254,262.157,220.353,7.083,11.057,840.79,96.009,3841.304,215.718,11.88,4.672,2.087,0,0,0,0
1992,6.072,1.309,274,64039.94632,913.937,198.344,40.721,7.368,26.673,43.24578944,2.386,6.976,0.047,1.432,0.601,0.295,0,5.543,14.61,2.169,371.741,221.765,163.227,6.173,11.219,585.268,88.158,3841.501,218.397,9.626,4.635,2.17,0,0,0,0
1993,6.063,1.311,273,63012.32719,941.89,203.777,41.925,7.531,28.115,43.57518525,3.471,8.01,0.081,2.284,0.915,0.241,0,5.808,13.078,2.079,243.94,158.585,100.166,6.767,11.424,462.321,93.157,3841.779,221.151,11.032,4.434,1.981,0,0,0,0
1994,6.168,1.308,271,61641.66901,1060.291,231.052,42.797,7.896,33.143,44.75407551,5.187,8.795,0.115,3.051,1.235,0.154,0,5.809,12.431,2.098,247.587,110.458,64.721,2.674,9.792,341.704,89.831,3782.234,223.641,12.072,3.917,1.753,0,0,0,0
1995,6.3,1.294,275,60460.25653,955.044,206.476,42.768,7.814,29.716,44.09858611,20.531,8.952,0.15,3.627,2.019,0.188,0,5.811,11.951,2.183,253.689,110.037,49.274,2.806,8.307,236.844,91.06,3901.304,222.833,12.806,3.383,1.548,0,0,0,0
1996,6.442,1.269,278,59479.57432,930.597,200.981,42.666,7.689,28.74,44.10684164,32.278,9.615,0.184,4.054,2.97,0.255,0,6.076,11.628,2.408,261.825,113.598,36.906,5.121,8.67,133.538,93.242,3662.192,220.658,11.409,3.158,1.65,0,0,0,0
1997,6.549,1.744,279,59694.78513,1205.039,264.684,44.806,8.27,38.342,46.3292314,45.479,10.153,0.216,4.331,4.397,0.385,0,6.078,11.258,2.708,193.397,109.958,18.916,5.133,7.238,81.879,78.772,3824.436,223.643,12.166,3.239,1.317,0,0,0,0
1998,6.568,1.192,281,58434.978,1085.601,232.345,45.416,8.413,37.819,46.71971816,58.671,10.567,0.247,4.453,5.239,0.457,0,5.817,11.248,2.999,175.558,110.553,14.269,2.833,4.044,48.814,81.667,4155.357,226.718,10.319,3.101,1.146,0,0,0,0
1999,6.554,1.166,282,55362.6065,940.718,205.108,43.465,7.699,30.447,45.21555986,67.936,10.226,0.341,5.601,6.707,0.469,0,6.572,11.07,3.156,171.16,111.53,13.163,3.223,2.795,28.934,79.012,3881.257,220.677,10.681,3.221,1.146,0,0,0,0
2000,6.725,1.28,285,55499.42265,886.656,195.328,43.429,7.457,27.975,45.00174153,82.514,11.018,1,9.333,8.048,0.698,0.001,5.431,11.071,3.249,166.536,109.844,19.651,3.228,2.913,24.148,75.882,3792.775,213.433,11.375,2.768,1.146,0,0,0,0
2001,6.886,1.147,284,55886.90198,881.875,196.211,43.675,7.593,27.878,45.16850332,114.605,10.299,1.359,9.428,8.954,0.902,0.006,5.639,10.815,3.093,135.793,102.989,15.266,3.233,3.262,14.968,78.844,3734.556,200.233,10.535,2.042,1.146,0,0,0,0
2002,6.986,1.307,292,55526.38642,970.806,218.463,44.371,8.046,33.808,47.12093711,98.397,9.325,1.757,13.533,9.417,0.957,0.067,5.657,10.443,2.938,128.292,95.573,9.555,3.238,1.178,22.992,75.021,3695.244,203.21,9.686,2.379,1.146,0,0,0,0
2003,7.368,1.357,298,57474.76828,944.822,214.403,44.991,8.242,34.357,47.6278269,106.985,9.609,1.911,10.387,11.624,1.074,1.665,5.756,12.251,3.592,111.64,85.167,7.769,1.701,0.713,15.52,74.431,3785.36,199.796,9.14,2.804,1.089,0,0,0,0
2004,7.734,1.297,308,60166.15173,945.579,216.693,46.989,8.543,32.328,47.97703599,112.729,10.904,4.292,16.043,13.204,1.536,4.61,6.02,13.418,3.807,107.243,84.851,3.452,1.397,0.726,9.216,74.517,3749.222,194.132,8.684,2.284,0.994,0,0,0,0
2005,8.033,1.181,312,62406.64108,950.689,218.788,48.128,8.84,32.723,48.61271211,137.655,12.33,6.243,17.737,14.797,1.823,6.637,5.851,13.531,2.97,102.781,82.133,13.296,0.229,0.272,9.612,73.05,3767.102,192.869,8.524,2.262,0.925,0,0,0,0
2006,8.324,1.225,319,62863.52714,986.255,229.893,48.923,8.926,34.349,49.84856556,129.012,14.519,5.86,16.273,13.112,2.584,7.663,6.248,12.594,1.749,85.263,81.605,10.765,0.84,0.749,7.012,68.382,3732.596,185.477,7.487,2.485,0.883,0,0,0,0
2007,8.491,1.049,319,62459.56995,945.929,219.71,50.61,9.285,33.276,50.3315143,138.368,16.393,8.179,18.552,13.331,2.496,7.542,7.204,11.102,2.424,69.016,80.345,3.402,0.96,-0.106,4.714,64.861,3857.238,186.505,7.27,1.783,0.739,0,0,0,0
2008,8.766,1.102,323,61099.89701,912.906,214.77,50.12,9.094,31.637,50.62706242,143.209,10.237,10.307,24.322,16.688,2.559,7.221,7.664,10.787,1.958,71.418,86.957,2.146,0.705,0.762,11.339,61.585,3824.855,180.909,6.131,1.832,0.801,0,0,0,0
2009,8.689,1.519,325,58550.82233,917.754,218.762,48.524,9.11,31.769,50.6716423,123.184,9.25,8.212,32.85,18.134,2.621,7.086,7.278,9.195,1.827,60.771,83.918,11.689,0.548,0.313,5.079,59.014,3731.883,172.693,6.118,2.026,1.067,0,0,0,0
2010,9.121,1.373,327,58080.45439,953.291,224.602,49.699,9.665,34.605,51.55168223,165.977,9.115,15.241,33.371,19.089,2.994,8.004,7.467,10.161,1.914,61.614,82.985,10.285,1.481,0.063,4.638,60.655,3712.127,173.521,5.707,1.65,0.897,0,0,0,0
2011,9.495,1.32,332,58664.17002,906.867,218.636,50.599,9.48,32.515,51.51535788,170.951,11.662,20.435,39.68,25.859,3.377,8.827,7.87,10.588,1.941,55.494,76.957,6.118,0.028,0.155,0.855,55.729,3724.448,173.275,5.434,2.26,0.715,0,0,0,0
2012,9.667,1.379,335,57757.38851,949.632,229.104,50.363,9.705,35.823,52.71158476,175.726,11.908,14.745,35.849,17.574,3.457,9.971,7.716,11.884,1.859,55.989,79.92,7.237,1.028,0.652,2.184,62.156,3776.759,169.611,4.933,1.915,0.715,0,0,0,0
2013,9.765,1.409,336,57247.07424,901.307,219.385,49.45,9.56,33.247,52.54812518,222.424,14.286,30.027,57.217,29.359,3.848,10.158,8.277,11.803,2.097,54.965,84.125,6.497,1.275,0.576,1.83,58.825,3781.317,166.062,4.229,2.785,0.693,0,0,0,0
2014,9.848,1.379,341,56927.50367,964.108,233.527,49.508,9.745,36.14,53.6923422,207.399,12.106,22.966,41.344,15.376,3.182,9.157,8.231,8.893,1.749,58.419,96.246,8.926,1.036,0.352,2.851,66.152,3768.436,161.908,3.864,1.137,0.759,0,0,0,0
2015,9.831,1.519,346,0,0,0,0,0,0,0,0,0,0,0,0,0,0,0,0,0,0,0,0,0,0,0,0,0,0,0,0,0,0,0,0,0
2016,9.875,1.27,0,0,0,0,0,0,0,0,0,0,0,0,0,0,0,0,0,0,0,0,0,0,0,0,0,0,0,0,0,0,0,0,0,0