"run_index","beta","q10","s"
"0001",0.5,2.6,3.35
"0002",0.75,1.4,3.975
"0003",0.25,3.8,2.725
"0004",0.375,2,3.6625
"0005",0.875,4.4,2.4125
"0006",0.625,0.8,3.0375
"0007",0.125,3.2,4.2875
"0008",0.1875,1.7,2.88125
"0009",0.6875,4.1,4.13125
"0010",0.9375,0.5,3.50625
"0011",0.4375,2.9,2.25625
"0012",0.3125,1.1,4.44375
"0013",0.8125,3.5,3.19375
"0014",0.5625,2.3,2.56875
"0015",0.0625,4.7,3.81875
"0016",0.09375,2.45,4.20937
"0017",0.59375,4.85,2.95938
"0018",0.84375,1.25,2.33438
"0019",0.34375,3.65,3.58438
"0020",0.46875,0.65,3.27188
"0021",0.96875,3.05,4.52187
"0022",0.71875,1.85,3.89688
"0023",0.21875,4.25,2.64688
"0024",0.15625,0.95,3.42813
"0025",0.65625,3.35,2.17813
"0026",0.90625,2.15,2.80313
"0027",0.40625,4.55,4.05312
"0028",0.28125,1.55,2.49063
"0029",0.78125,3.95,3.74063
"0030",0.53125,0.35,4.36562
"0031",0.03125,2.75,3.11563
"0032",0.04688,1.475,3.62344
"0033",0.54688,3.875,2.37344
"0034",0.79688,0.275,2.99844
"0035",0.29688,2.675,4.24844
"0036",0.42188,0.875,2.68594
"0037",0.92188,3.275,3.93594
"0038",0.67188,2.075,4.56094
"0039",0.17188,4.475,3.31094
"0040",0.23438,0.575,4.09219
"0041",0.73438,2.975,2.84219
"0042",0.98438,1.775,2.21719
"0043",0.48438,4.175,3.46719
"0044",0.35938,2.375,3.15469
"0045",0.85938,4.775,4.40469
"0046",0.60938,1.175,3.77969
"0047",0.10938,3.575,2.52969
"0048",0.07812,1.325,2.76406
"0049",0.57812,3.725,4.01406
"0050",0.82812,2.525,3.38906
"0051",0.32812,4.925,2.13906
"0052",0.45312,1.925,4.32656
"0053",0.95312,4.325,3.07656
"0054",0.70312,0.725,2.45156
"0055",0.20312,3.125,3.70156
"0056",0.14062,2.225,2.29531
"0057",0.64062,4.625,3.54531
"0058",0.89062,1.025,4.17031
"0059",0.39062,3.425,2.92031
"0060",0.26562,0.425,3.85781
"0061",0.76562,2.825,2.60781
"0062",0.51562,1.625,3.23281
"0063",0.01562,4.025,4.48281
"0064",0.02344,2.1125,3.21328
"0065",0.52344,4.5125,4.46328
"0066",0.77344,0.9125,3.83828
"0067",0.27344,3.3125,2.58828
"0068",0.39844,0.3125,4.15078
"0069",0.89844,2.7125,2.90078
"0070",0.64844,1.5125,2.27578
"0071",0.14844,3.9125,3.52578
"0072",0.21094,1.2125,2.43203
"0073",0.71094,3.6125,3.68203
"0074",0.96094,2.4125,4.30703
"0075",0.46094,4.8125,3.05703
"0076",0.33594,1.8125,3.36953
"0077",0.83594,4.2125,2.11953
"0078",0.58594,0.6125,2.74453
"0079",0.08594,3.0125,3.99453
"0080",0.11719,0.7625,3.76016
"0081",0.61719,3.1625,2.51016
"0082",0.86719,1.9625,3.13516
"0083",0.36719,4.3625,4.38516
"0084",0.49219,2.5625,2.19766
"0085",0.99219,4.9625,3.44766
"0086",0.74219,1.3625,4.07266
"0087",0.24219,3.7625,2.82266
"0088",0.17969,1.6625,4.54141
"0089",0.67969,4.0625,3.29141
"0090",0.92969,0.4625,2.66641
"0091",0.42969,2.8625,3.91641
"0092",0.30469,1.0625,2.97891
"0093",0.80469,3.4625,4.22891
"0094",0.55469,2.2625,3.60391
"0095",0.05469,4.6625,2.35391
"0096",0.03906,0.8375,4.42422
"0097",0.53906,3.2375,3.17422
"0098",0.78906,2.0375,2.54922
"0099",0.28906,4.4375,3.79922
"0100",0.41406,1.4375,2.86172
"0101",0.91406,3.8375,4.11172
"0102",0.66406,0.2375,3.48672
"0103",0.16406,2.6375,2.23672
"0104",0.22656,2.3375,3.95547
"0105",0.72656,4.7375,2.70547
"0106",0.97656,1.1375,3.33047
"0107",0.47656,3.5375,4.58047
"0108",0.35156,0.5375,2.39297
"0109",0.85156,2.9375,3.64297
"0110",0.60156,1.7375,4.26797
"0111",0.10156,4.1375,3.01797
"0112",0.07031,1.8875,2.62734
"0113",0.57031,4.2875,3.87734
"0114",0.82031,0.6875,4.50234
"0115",0.32031,3.0875,3.25234
"0116",0.44531,1.2875,3.56484
"0117",0.94531,3.6875,2.31484
"0118",0.69531,2.4875,2.93984
"0119",0.19531,4.8875,4.18984
"0120",0.13281,0.3875,3.09609
"0121",0.63281,2.7875,4.34609
"0122",0.88281,1.5875,3.72109
"0123",0.38281,3.9875,2.47109
"0124",0.25781,2.1875,4.03359
"0125",0.75781,4.5875,2.78359
"0126",0.50781,0.9875,2.15859
"0127",0.00781,3.3875,3.40859
"0128",0.01172,1.79375,4.06289
"0129",0.51172,4.19375,2.81289
"0130",0.76172,0.59375,2.18789
"0131",0.26172,2.99375,3.43789
"0132",0.38672,1.19375,3.12539
"0133",0.88672,3.59375,4.37539
"0134",0.63672,2.39375,3.75039
"0135",0.13672,4.79375,2.50039
"0136",0.19922,0.29375,3.59414
"0137",0.69922,2.69375,2.34414
"0138",0.94922,1.49375,2.96914
"0139",0.44922,3.89375,4.21914
"0140",0.32422,2.09375,2.65664
"0141",0.82422,4.49375,3.90664
"0142",0.57422,0.89375,4.53164
"0143",0.07422,3.29375,3.28164
"0144",0.10547,1.04375,2.26602
"0145",0.60547,3.44375,3.51602
"0146",0.85547,2.24375,4.14102
"0147",0.35547,4.64375,2.89102
"0148",0.48047,1.64375,3.82852
"0149",0.98047,4.04375,2.57852
"0150",0.73047,0.44375,3.20352
"0151",0.23047,2.84375,4.45352
"0152",0.16797,2.54375,2.73477
"0153",0.66797,4.94375,3.98477
"0154",0.91797,1.34375,3.35977
"0155",0.41797,3.74375,2.10977
"0156",0.29297,0.74375,4.29727
"0157",0.79297,3.14375,3.04727
"0158",0.54297,1.94375,2.42227
"0159",0.04297,4.34375,3.67227
"0160",0.05859,0.51875,2.93008
"0161",0.55859,2.91875,4.18008
"0162",0.80859,1.71875,3.55508
"0163",0.30859,4.11875,2.30508
"0164",0.43359,2.31875,4.49258
"0165",0.93359,4.71875,3.24258
"0166",0.68359,1.11875,2.61758
"0167",0.18359,3.51875,3.86758
"0168",0.24609,1.41875,2.14883
"0169",0.74609,3.81875,3.39883
"0170",0.99609,0.21875,4.02383
"0171",0.49609,2.61875,2.77383
"0172",0.37109,0.81875,3.71133
"0173",0.87109,3.21875,2.46133
"0174",0.62109,2.01875,3.08633
"0175",0.12109,4.41875,4.33633
"0176",0.08984,2.16875,3.47695
"0177",0.58984,4.56875,2.22695
"0178",0.83984,0.96875,2.85195
"0179",0.33984,3.36875,4.10195
"0180",0.46484,0.36875,2.53945
"0181",0.96484,2.76875,3.78945
"0182",0.71484,1.56875,4.41445
"0183",0.21484,3.96875,3.16445
"0184",0.15234,1.26875,4.2582
"0185",0.65234,3.66875,3.0082
"0186",0.90234,2.46875,2.3832
"0187",0.40234,4.86875,3.6332
"0188",0.27734,1.86875,3.3207
"0189",0.77734,4.26875,4.5707
"0190",0.52734,0.66875,3.9457
"0191",0.02734,3.06875,2.6957
"0192",0.01953,1.15625,3.92617
"0193",0.51953,3.55625,2.67617
"0194",0.76953,2.35625,3.30117
"0195",0.26953,4.75625,4.55117
"0196",0.39453,1.75625,2.36367
"0197",0.89453,4.15625,3.61367
"0198",0.64453,0.55625,4.23867
"0199",0.14453,2.95625,2.98867
"0200",0.20703,2.05625,4.39492
"0201",0.70703,4.45625,3.14492
"0202",0.95703,0.85625,2.51992
"0203",0.45703,3.25625,3.76992
"0204",0.33203,0.25625,2.83242
"0205",0.83203,2.65625,4.08242
"0206",0.58203,1.45625,3.45742
"0207",0.08203,3.85625,2.20742
"0208",0.11328,1.60625,3.0668
"0209",0.61328,4.00625,4.3168
"0210",0.86328,0.40625,3.6918
"0211",0.36328,2.80625,2.4418
"0212",0.48828,1.00625,4.0043
"0213",0.98828,3.40625,2.7543
"0214",0.73828,2.20625,2.1293
"0215",0.23828,4.60625,3.3793
"0216",0.17578,0.70625,2.59805
"0217",0.67578,3.10625,3.84805
"0218",0.92578,1.90625,4.47305
"0219",0.42578,4.30625,3.22305
"0220",0.30078,2.50625,3.53555
"0221",0.80078,4.90625,2.28555
"0222",0.55078,1.30625,2.91055
"0223",0.05078,3.70625,4.16055
"0224",0.03516,2.43125,2.48086
"0225",0.53516,4.83125,3.73086
"0226",0.78516,1.23125,4.35586
"0227",0.28516,3.63125,3.10586
"0228",0.41016,0.63125,3.41836
"0229",0.91016,3.03125,2.16836
"0230",0.66016,1.83125,2.79336
"0231",0.16016,4.23125,4.04336
"0232",0.22266,0.93125,3.26211
"0233",0.72266,3.33125,4.51211
"0234",0.97266,2.13125,3.88711
"0235",0.47266,4.53125,2.63711
"0236",0.34766,1.53125,4.19961
"0237",0.84766,3.93125,2.94961
"0238",0.59766,0.33125,2.32461
"0239",0.09766,2.73125,3.57461
"0240",0.06641,0.48125,4.59023
"0241",0.56641,2.88125,3.34023
"0242",0.81641,1.68125,2.71523
"0243",0.31641,4.08125,3.96523
"0244",0.44141,2.28125,3.02773
"0245",0.94141,4.68125,4.27773
"0246",0.69141,1.08125,3.65273
"0247",0.19141,3.48125,2.40273
"0248",0.12891,1.98125,3.80898
"0249",0.62891,4.38125,2.55898
"0250",0.87891,0.78125,3.18398
"0251",0.37891,3.18125,4.43398
"0252",0.25391,1.38125,2.24648
"0253",0.75391,3.78125,3.49648
"0254",0.50391,2.58125,4.12148
"0255",0.00391,4.98125,2.87148
"0256",0.00586,2.59063,3.73574
"0257",0.50586,4.99062,2.48574
"0258",0.75586,1.39062,3.11074
"0259",0.25586,3.79062,4.36074
"0260",0.38086,0.79062,2.17324
"0261",0.88086,3.19063,3.42324
"0262",0.63086,1.99062,4.04824
"0263",0.13086,4.39062,2.79824
"0264",0.19336,1.09062,4.51699
"0265",0.69336,3.49063,3.26699
"0266",0.94336,2.29062,2.64199
"0267",0.44336,4.69062,3.89199
"0268",0.31836,1.69062,2.95449
"0269",0.81836,4.09063,4.20449
"0270",0.56836,0.49062,3.57949
"0271",0.06836,2.89062,2.32949
"0272",0.09961,0.34062,3.34512
"0273",0.59961,2.74063,4.59512
"0274",0.84961,1.54062,3.97012
"0275",0.34961,3.94062,2.72012
"0276",0.47461,2.14062,4.28262
"0277",0.97461,4.54063,3.03262
"0278",0.72461,0.94062,2.40762
"0279",0.22461,3.34063,3.65762
"0280",0.16211,1.84062,2.56387
"0281",0.66211,4.24062,3.81387
"0282",0.91211,0.64062,4.43887
"0283",0.41211,3.04062,3.18887
"0284",0.28711,1.24062,3.50137
"0285",0.78711,3.64062,2.25137
"0286",0.53711,2.44063,2.87637
"0287",0.03711,4.84063,4.12637
"0288",0.05273,1.31562,2.68105
"0289",0.55273,3.71563,3.93105
"0290",0.80273,2.51562,4.55605
"0291",0.30273,4.91563,3.30605
"0292",0.42773,1.91562,3.61855
"0293",0.92773,4.31562,2.36855
"0294",0.67773,0.71562,2.99355
"0295",0.17773,3.11563,4.24355
"0296",0.24023,2.21563,3.1498
"0297",0.74023,4.61562,4.3998
"0298",0.99023,1.01562,3.7748
"0299",0.49023,3.41562,2.5248
"0300",0.36523,0.41562,4.0873
"0301",0.86523,2.81563,2.8373
"0302",0.61523,1.61562,2.2123
"0303",0.11523,4.01562,3.4623
"0304",0.08398,1.46562,4.32168
"0305",0.58398,3.86563,3.07168
"0306",0.83398,0.26562,2.44668
"0307",0.33398,2.66562,3.69668
"0308",0.45898,0.86563,2.75918
"0309",0.95898,3.26562,4.00918
"0310",0.70898,2.06562,3.38418
"0311",0.20898,4.46563,2.13418
"0312",0.14648,0.56563,3.85293
"0313",0.64648,2.96563,2.60293
"0314",0.89648,1.76562,3.22793
"0315",0.39648,4.16562,4.47793
"0316",0.27148,2.36563,2.29043
"0317",0.77148,4.76562,3.54043
"0318",0.52148,1.16562,4.16543
"0319",0.02148,3.56563,2.91543
"0320",0.0293,0.67812,4.18496
"0321",0.5293,3.07812,2.93496
"0322",0.7793,1.87812,2.30996
"0323",0.2793,4.27813,3.55996
"0324",0.4043,2.47812,3.24746
"0325",0.9043,4.87812,4.49746
"0326",0.6543,1.27812,3.87246
"0327",0.1543,3.67813,2.62246
"0328",0.2168,1.57812,3.40371
"0329",0.7168,3.97812,2.15371
"0330",0.9668,0.37813,2.77871
"0331",0.4668,2.77813,4.02871
"0332",0.3418,0.97812,2.46621
"0333",0.8418,3.37813,3.71621
"0334",0.5918,2.17813,4.34121
"0335",0.0918,4.57812,3.09121
"0336",0.12305,2.02813,2.23184
"0337",0.62305,4.42812,3.48184
"0338",0.87305,0.82812,4.10684
"0339",0.37305,3.22812,2.85684
"0340",0.49805,0.22813,3.79434
"0341",0.99805,2.62813,2.54434
"0342",0.74805,1.42812,3.16934
"0343",0.24805,3.82812,4.41934
"0344",0.18555,1.12813,3.01309
"0345",0.68555,3.52813,4.26309
"0346",0.93555,2.32812,3.63809
"0347",0.43555,4.72813,2.38809
"0348",0.31055,1.72812,4.57559
"0349",0.81055,4.12812,3.32559
"0350",0.56055,0.52812,2.70059
"0351",0.06055,2.92813,3.95059
"0352",0.04492,1.95312,2.81777
"0353",0.54492,4.35313,4.06777
"0354",0.79492,0.75312,3.44277
"0355",0.29492,3.15313,2.19277
"0356",0.41992,1.35312,4.38027
"0357",0.91992,3.75313,3.13027
"0358",0.66992,2.55313,2.50527
"0359",0.16992,4.95312,3.75527
"0360",0.23242,0.45312,2.34902
"0361",0.73242,2.85312,3.59902
"0362",0.98242,1.65312,4.22402
"0363",0.48242,4.05312,2.97402
"0364",0.35742,2.25313,3.91152
"0365",0.85742,4.65313,2.66152
"0366",0.60742,1.05313,3.28652
"0367",0.10742,3.45312,4.53652
"0368",0.07617,0.90312,3.5209
"0369",0.57617,3.30313,2.2709
"0370",0.82617,2.10312,2.8959
"0371",0.32617,4.50312,4.1459
"0372",0.45117,1.50312,2.5834
"0373",0.95117,3.90313,3.8334
"0374",0.70117,0.30312,4.4584
"0375",0.20117,2.70312,3.2084
"0376",0.13867,2.40313,3.98965
"0377",0.63867,4.80312,2.73965
"0378",0.88867,1.20312,2.11465
"0379",0.38867,3.60312,3.36465
"0380",0.26367,0.60312,3.05215
"0381",0.76367,3.00313,4.30215
"0382",0.51367,1.80312,3.67715
"0383",0.01367,4.20312,2.42715
"0384",0.00977,0.99688,3.1791
"0385",0.50977,3.39688,4.4291
"0386",0.75977,2.19687,3.8041
"0387",0.25977,4.59687,2.5541
"0388",0.38477,1.59687,4.1166
"0389",0.88477,3.99688,2.8666
"0390",0.63477,0.39688,2.2416
"0391",0.13477,2.79688,3.4916
"0392",0.19727,2.49688,2.71035
"0393",0.69727,4.89687,3.96035
"0394",0.94727,1.29688,4.58535
"0395",0.44727,3.69687,3.33535
"0396",0.32227,0.69687,3.64785
"0397",0.82227,3.09688,2.39785
"0398",0.57227,1.89687,3.02285
"0399",0.07227,4.29688,4.27285
"0400",0.10352,1.74688,3.88223
"0401",0.60352,4.14687,2.63223
"0402",0.85352,0.54688,3.25723
"0403",0.35352,2.94687,4.50723
"0404",0.47852,1.14687,2.31973
"0405",0.97852,3.54688,3.56973
"0406",0.72852,2.34688,4.19473
"0407",0.22852,4.74688,2.94473
"0408",0.16602,0.24688,4.35098
"0409",0.66602,2.64688,3.10098
"0410",0.91602,1.44687,2.47598
"0411",0.41602,3.84687,3.72598
"0412",0.29102,2.04688,2.78848
"0413",0.79102,4.44688,4.03848
"0414",0.54102,0.84688,3.41348
"0415",0.04102,3.24688,2.16348
"0416",0.05664,2.27188,4.46816
"0417",0.55664,4.67188,3.21816
"0418",0.80664,1.07187,2.59316
"0419",0.30664,3.47188,3.84316
"0420",0.43164,0.47188,2.90566
"0421",0.93164,2.87188,4.15566
"0422",0.68164,1.67188,3.53066
"0423",0.18164,4.07187,2.28066
"0424",0.24414,1.37187,3.68691
"0425",0.74414,3.77188,2.43691
"0426",0.99414,2.57187,3.06191
"0427",0.49414,4.97187,4.31191
"0428",0.36914,1.97187,2.12441
"0429",0.86914,4.37188,3.37441
"0430",0.61914,0.77188,3.99941
"0431",0.11914,3.17188,2.74941
"0432",0.08789,0.62187,2.51504
"0433",0.58789,3.02188,3.76504
"0434",0.83789,1.82187,4.39004
"0435",0.33789,4.22187,3.14004
"0436",0.46289,2.42188,3.45254
"0437",0.96289,4.82188,2.20254
"0438",0.71289,1.22187,2.82754
"0439",0.21289,3.62188,4.07754
"0440",0.15039,1.52187,3.29629
"0441",0.65039,3.92188,4.54629
"0442",0.90039,0.32188,3.92129
"0443",0.40039,2.72188,2.67129
"0444",0.27539,0.92188,4.23379
"0445",0.77539,3.32187,2.98379
"0446",0.52539,2.12188,2.35879
"0447",0.02539,4.52187,3.60879
"0448",0.01758,1.63437,2.37832
"0449",0.51758,4.03437,3.62832
"0450",0.76758,0.43438,4.25332
"0451",0.26758,2.83438,3.00332
"0452",0.39258,1.03438,3.94082
"0453",0.89258,3.43438,2.69082
"0454",0.64258,2.23438,3.31582
"0455",0.14258,4.63438,4.56582
"0456",0.20508,0.73438,2.84707
"0457",0.70508,3.13437,4.09707
"0458",0.95508,1.93438,3.47207
"0459",0.45508,4.33437,2.22207
"0460",0.33008,2.53438,4.40957
"0461",0.83008,4.93438,3.15957
"0462",0.58008,1.33437,2.53457
"0463",0.08008,3.73438,3.78457
"0464",0.11133,1.18437,4.01895
"0465",0.61133,3.58438,2.76895
"0466",0.86133,2.38437,2.14395
"0467",0.36133,4.78437,3.39395
"0468",0.48633,1.78437,3.08145
"0469",0.98633,4.18438,4.33145
"0470",0.73633,0.58438,3.70645
"0471",0.23633,2.98438,2.45645
"0472",0.17383,2.08438,3.5502
"0473",0.67383,4.48438,2.3002
"0474",0.92383,0.88437,2.9252
"0475",0.42383,3.28438,4.1752
"0476",0.29883,0.28438,2.6127
"0477",0.79883,2.68438,3.8627
"0478",0.54883,1.48438,4.4877
"0479",0.04883,3.88437,3.2377
"0480",0.0332,0.35938,3.35488
"0481",0.5332,2.75937,2.10488
"0482",0.7832,1.55937,2.72988
"0483",0.2832,3.95938,3.97988
"0484",0.4082,2.15937,2.41738
"0485",0.9082,4.55938,3.66738
"0486",0.6582,0.95938,4.29238
"0487",0.1582,3.35938,3.04238
"0488",0.2207,1.85938,4.13613
"0489",0.7207,4.25938,2.88613
"0490",0.9707,0.65938,2.26113
"0491",0.4707,3.05938,3.51113
"0492",0.3457,1.25937,3.19863
"0493",0.8457,3.65938,4.44863
"0494",0.5957,2.45938,3.82363
"0495",0.0957,4.85938,2.57363
"0496",0.06445,2.30938,2.96426
"0497",0.56445,4.70937,4.21426
"0498",0.81445,1.10938,3.58926
"0499",0.31445,3.50937,2.33926
"0500",0.43945,0.50938,4.52676
"0501",0.93945,2.90938,3.27676
"0502",0.68945,1.70937,2.65176
"0503",0.18945,4.10938,3.90176
"0504",0.12695,0.80938,2.18301
"0505",0.62695,3.20938,3.43301
"0506",0.87695,2.00937,4.05801
"0507",0.37695,4.40937,2.80801
"0508",0.25195,1.40937,3.74551
"0509",0.75195,3.80938,2.49551
"0510",0.50195,0.20938,3.12051
"0511",0.00195,2.60938,4.37051
"0512",0.00293,1.40469,3.00576
"0513",0.50293,3.80469,4.25576
"0514",0.75293,0.20469,3.63076
"0515",0.25293,2.60469,2.38076
"0516",0.37793,0.80469,4.56826
"0517",0.87793,3.20469,3.31826
"0518",0.62793,2.00469,2.69326
"0519",0.12793,4.40469,3.94326
"0520",0.19043,0.50469,2.22451
"0521",0.69043,2.90469,3.47451
"0522",0.94043,1.70469,4.09951
"0523",0.44043,4.10469,2.84951
"0524",0.31543,2.30469,3.78701
"0525",0.81543,4.70469,2.53701
"0526",0.56543,1.10469,3.16201
"0527",0.06543,3.50469,4.41201
"0528",0.09668,1.25469,3.39639
"0529",0.59668,3.65469,2.14639
"0530",0.84668,2.45469,2.77139
"0531",0.34668,4.85469,4.02139
"0532",0.47168,1.85469,2.45889
"0533",0.97168,4.25469,3.70889
"0534",0.72168,0.65469,4.33389
"0535",0.22168,3.05469,3.08389
"0536",0.15918,2.15469,4.17764
"0537",0.65918,4.55469,2.92764
"0538",0.90918,0.95469,2.30264
"0539",0.40918,3.35469,3.55264
"0540",0.28418,0.35469,3.24014
"0541",0.78418,2.75469,4.49014
"0542",0.53418,1.55469,3.86514
"0543",0.03418,3.95469,2.61514
"0544",0.0498,0.27969,3.98232
"0545",0.5498,2.67969,2.73232
"0546",0.7998,1.47969,2.10732
"0547",0.2998,3.87969,3.35732
"0548",0.4248,2.07969,3.04482
"0549",0.9248,4.47969,4.29482
"0550",0.6748,0.87969,3.66982
"0551",0.1748,3.27969,2.41982
"0552",0.2373,1.77969,3.51357
"0553",0.7373,4.17969,2.26357
"0554",0.9873,0.57969,2.88857
"0555",0.4873,2.97969,4.13857
"0556",0.3623,1.17969,2.57607
"0557",0.8623,3.57969,3.82607
"0558",0.6123,2.37969,4.45107
"0559",0.1123,4.77969,3.20107
"0560",0.08105,2.52969,2.3417
"0561",0.58105,4.92969,3.5917
"0562",0.83105,1.32969,4.2167
"0563",0.33105,3.72969,2.9667
"0564",0.45605,0.72969,3.9042
"0565",0.95605,3.12969,2.6542
"0566",0.70605,1.92969,3.2792
"0567",0.20605,4.32969,4.5292
"0568",0.14355,1.02969,2.81045
"0569",0.64355,3.42969,4.06045
"0570",0.89355,2.22969,3.43545
"0571",0.39355,4.62969,2.18545
"0572",0.26855,1.62969,4.37295
"0573",0.76855,4.02969,3.12295
"0574",0.51855,0.42969,2.49795
"0575",0.01855,2.82969,3.74795
"0576",0.02637,0.91719,2.55654
"0577",0.52637,3.31719,3.80654
"0578",0.77637,2.11719,4.43154
"0579",0.27637,4.51719,3.18154
"0580",0.40137,1.51719,3.49404
"0581",0.90137,3.91719,2.24404
"0582",0.65137,0.31719,2.86904
"0583",0.15137,2.71719,4.11904
"0584",0.21387,2.41719,3.33779
"0585",0.71387,4.81719,4.58779
"0586",0.96387,1.21719,3.96279
"0587",0.46387,3.61719,2.71279
"0588",0.33887,0.61719,4.27529
"0589",0.83887,3.01719,3.02529
"0590",0.58887,1.81719,2.40029
"0591",0.08887,4.21719,3.65029
"0592",0.12012,1.96719,4.50967
"0593",0.62012,4.36719,3.25967
"0594",0.87012,0.76719,2.63467
"0595",0.37012,3.16719,3.88467
"0596",0.49512,1.36719,2.94717
"0597",0.99512,3.76719,4.19717
"0598",0.74512,2.56719,3.57217
"0599",0.24512,4.96719,2.32217
"0600",0.18262,0.46719,3.72842
"0601",0.68262,2.86719,2.47842
"0602",0.93262,1.66719,3.10342
"0603",0.43262,4.06719,4.35342
"0604",0.30762,2.26719,2.16592
"0605",0.80762,4.66719,3.41592
"0606",0.55762,1.06719,4.04092
"0607",0.05762,3.46719,2.79092
"0608",0.04199,2.04219,3.84561
"0609",0.54199,4.44219,2.59561
"0610",0.79199,0.84219,3.22061
"0611",0.29199,3.24219,4.47061
"0612",0.41699,0.24219,2.28311
"0613",0.91699,2.64219,3.53311
"0614",0.66699,1.44219,4.15811
"0615",0.16699,3.84219,2.90811
"0616",0.22949,1.14219,4.31436
"0617",0.72949,3.54219,3.06436
"0618",0.97949,2.34219,2.43936
"0619",0.47949,4.74219,3.68936
"0620",0.35449,1.74219,2.75186
"0621",0.85449,4.14219,4.00186
"0622",0.60449,0.54219,3.37686
"0623",0.10449,2.94219,2.12686
"0624",0.07324,0.69219,3.14248
"0625",0.57324,3.09219,4.39248
"0626",0.82324,1.89219,3.76748
"0627",0.32324,4.29219,2.51748
"0628",0.44824,2.49219,4.07998
"0629",0.94824,4.89219,2.82998
"0630",0.69824,1.29219,2.20498
"0631",0.19824,3.69219,3.45498
"0632",0.13574,1.59219,2.67373
"0633",0.63574,3.99219,3.92373
"0634",0.88574,0.39219,4.54873
"0635",0.38574,2.79219,3.29873
"0636",0.26074,0.99219,3.61123
"0637",0.76074,3.39219,2.36123
"0638",0.51074,2.19219,2.98623
"0639",0.01074,4.59219,4.23623
"0640",0.01465,0.59844,3.5624
"0641",0.51465,2.99844,2.3124
"0642",0.76465,1.79844,2.9374
"0643",0.26465,4.19844,4.1874
"0644",0.38965,2.39844,2.6249
"0645",0.88965,4.79844,3.8749
"0646",0.63965,1.19844,4.4999
"0647",0.13965,3.59844,3.2499
"0648",0.20215,1.49844,4.03115
"0649",0.70215,3.89844,2.78115
"0650",0.95215,0.29844,2.15615
"0651",0.45215,2.69844,3.40615
"0652",0.32715,0.89844,3.09365
"0653",0.82715,3.29844,4.34365
"0654",0.57715,2.09844,3.71865
"0655",0.07715,4.49844,2.46865
"0656",0.1084,2.24844,2.85928
"0657",0.6084,4.64844,4.10928
"0658",0.8584,1.04844,3.48428
"0659",0.3584,3.44844,2.23428
"0660",0.4834,0.44844,4.42178
"0661",0.9834,2.84844,3.17178
"0662",0.7334,1.64844,2.54678
"0663",0.2334,4.04844,3.79678
"0664",0.1709,1.34844,2.39053
"0665",0.6709,3.74844,3.64053
"0666",0.9209,2.54844,4.26553
"0667",0.4209,4.94844,3.01553
"0668",0.2959,1.94844,3.95303
"0669",0.7959,4.34844,2.70303
"0670",0.5459,0.74844,3.32803
"0671",0.0459,3.14844,4.57803
"0672",0.06152,1.72344,2.19521
"0673",0.56152,4.12344,3.44521
"0674",0.81152,0.52344,4.07021
"0675",0.31152,2.92344,2.82021
"0676",0.43652,1.12344,3.75771
"0677",0.93652,3.52344,2.50771
"0678",0.68652,2.32344,3.13271
"0679",0.18652,4.72344,4.38271
"0680",0.24902,0.22344,2.97646
"0681",0.74902,2.62344,4.22646
"0682",0.99902,1.42344,3.60146
"0683",0.49902,3.82344,2.35146
"0684",0.37402,2.02344,4.53896
"0685",0.87402,4.42344,3.28896
"0686",0.62402,0.82344,2.66396
"0687",0.12402,3.22344,3.91396
"0688",0.09277,0.97344,4.14834
"0689",0.59277,3.37344,2.89834
"0690",0.84277,2.17344,2.27334
"0691",0.34277,4.57344,3.52334
"0692",0.46777,1.57344,3.21084
"0693",0.96777,3.97344,4.46084
"0694",0.71777,0.37344,3.83584
"0695",0.21777,2.77344,2.58584
"0696",0.15527,2.47344,3.36709
"0697",0.65527,4.87344,2.11709
"0698",0.90527,1.27344,2.74209
"0699",0.40527,3.67344,3.99209
"0700",0.28027,0.67344,2.42959
"0701",0.78027,3.07344,3.67959
"0702",0.53027,1.87344,4.30459
"0703",0.03027,4.27344,3.05459
"0704",0.02246,2.36094,4.36318
"0705",0.52246,4.76094,3.11318
"0706",0.77246,1.16094,2.48818
"0707",0.27246,3.56094,3.73818
"0708",0.39746,0.56094,2.80068
"0709",0.89746,2.96094,4.05068
"0710",0.64746,1.76094,3.42568
"0711",0.14746,4.16094,2.17568
"0712",0.20996,0.86094,3.89443
"0713",0.70996,3.26094,2.64443
"0714",0.95996,2.06094,3.26943
"0715",0.45996,4.46094,4.51943
"0716",0.33496,1.46094,2.33193
"0717",0.83496,3.86094,3.58193
"0718",0.58496,0.26094,4.20693
"0719",0.08496,2.66094,2.95693
"0720",0.11621,0.41094,2.72256
"0721",0.61621,2.81094,3.97256
"0722",0.86621,1.61094,4.59756
"0723",0.36621,4.01094,3.34756
"0724",0.49121,2.21094,3.66006
"0725",0.99121,4.61094,2.41006
"0726",0.74121,1.01094,3.03506
"0727",0.24121,3.41094,4.28506
"0728",0.17871,1.91094,3.19131
"0729",0.67871,4.31094,4.44131
"0730",0.92871,0.71094,3.81631
"0731",0.42871,3.11094,2.56631
"0732",0.30371,1.31094,4.12881
"0733",0.80371,3.71094,2.87881
"0734",0.55371,2.51094,2.25381
"0735",0.05371,4.91094,3.50381
"0736",0.03809,1.23594,3.3085
"0737",0.53809,3.63594,4.5585
"0738",0.78809,2.43594,3.9335
"0739",0.28809,4.83594,2.6835
"0740",0.41309,1.83594,4.246
"0741",0.91309,4.23594,2.996
"0742",0.66309,0.63594,2.371
"0743",0.16309,3.03594,3.621
"0744",0.22559,2.13594,2.52725
"0745",0.72559,4.53594,3.77725
"0746",0.97559,0.93594,4.40225
"0747",0.47559,3.33594,3.15225
"0748",0.35059,0.33594,3.46475
"0749",0.85059,2.73594,2.21475
"0750",0.60059,1.53594,2.83975
"0751",0.10059,3.93594,4.08975
"0752",0.06934,1.68594,3.69912
"0753",0.56934,4.08594,2.44912
"0754",0.81934,0.48594,3.07412
"0755",0.31934,2.88594,4.32412
"0756",0.44434,1.08594,2.13662
"0757",0.94434,3.48594,3.38662
"0758",0.69434,2.28594,4.01162
"0759",0.19434,4.68594,2.76162
"0760",0.13184,0.78594,4.48037
"0761",0.63184,3.18594,3.23037
"0762",0.88184,1.98594,2.60537
"0763",0.38184,4.38594,3.85537
"0764",0.25684,2.58594,2.91787
"0765",0.75684,4.98594,4.16787
"0766",0.50684,1.38594,3.54287
"0767",0.00684,3.78594,2.29287
"0768",0.00488,1.39531,4.55361
"0769",0.50488,3.79531,3.30361
"0770",0.75488,2.59531,2.67861
"0771",0.25488,4.99531,3.92861
"0772",0.37988,1.99531,2.99111
"0773",0.87988,4.39531,4.24111
"0774",0.62988,0.79531,3.61611
"0775",0.12988,3.19531,2.36611
"0776",0.19238,2.29531,3.77236
"0777",0.69238,4.69531,2.52236
"0778",0.94238,1.09531,3.14736
"0779",0.44238,3.49531,4.39736
"0780",0.31738,0.49531,2.20986
"0781",0.81738,2.89531,3.45986
"0782",0.56738,1.69531,4.08486
"0783",0.06738,4.09531,2.83486
"0784",0.09863,1.54531,2.44424
"0785",0.59863,3.94531,3.69424
"0786",0.84863,0.34531,4.31924
"0787",0.34863,2.74531,3.06924
"0788",0.47363,0.94531,3.38174
"0789",0.97363,3.34531,2.13174
"0790",0.72363,2.14531,2.75674
"0791",0.22363,4.54531,4.00674
"0792",0.16113,0.64531,3.22549
"0793",0.66113,3.04531,4.47549
"0794",0.91113,1.84531,3.85049
"0795",0.41113,4.24531,2.60049
"0796",0.28613,2.44531,4.16299
"0797",0.78613,4.84531,2.91299
"0798",0.53613,1.24531,2.28799
"0799",0.03613,3.64531,3.53799
"0800",0.05176,2.52031,3.1083
"0801",0.55176,4.92031,4.3583
"0802",0.80176,1.32031,3.7333
"0803",0.30176,3.72031,2.4833
"0804",0.42676,0.72031,4.0458
"0805",0.92676,3.12031,2.7958
"0806",0.67676,1.92031,2.1708
"0807",0.17676,4.32031,3.4208
"0808",0.23926,1.02031,2.63955
"0809",0.73926,3.42031,3.88955
"0810",0.98926,2.22031,4.51455
"0811",0.48926,4.62031,3.26455
"0812",0.36426,1.62031,3.57705
"0813",0.86426,4.02031,2.32705
"0814",0.61426,0.42031,2.95205
"0815",0.11426,2.82031,4.20205
"0816",0.08301,0.27031,3.96768
"0817",0.58301,2.67031,2.71768
"0818",0.83301,1.47031,3.34268
"0819",0.33301,3.87031,4.59268
"0820",0.45801,2.07031,2.40518
"0821",0.95801,4.47031,3.65518
"0822",0.70801,0.87031,4.28018
"0823",0.20801,3.27031,3.03018
"0824",0.14551,1.77031,4.43643
"0825",0.64551,4.17031,3.18643
"0826",0.89551,0.57031,2.56143
"0827",0.39551,2.97031,3.81143
"0828",0.27051,1.17031,2.87393
"0829",0.77051,3.57031,4.12393
"0830",0.52051,2.37031,3.49893
"0831",0.02051,4.77031,2.24893
"0832",0.02832,1.88281,3.44033
"0833",0.52832,4.28281,2.19033
"0834",0.77832,0.68281,2.81533
"0835",0.27832,3.08281,4.06533
"0836",0.40332,1.28281,2.50283
"0837",0.90332,3.68281,3.75283
"0838",0.65332,2.48281,4.37783
"0839",0.15332,4.88281,3.12783
"0840",0.21582,0.38281,4.22158
"0841",0.71582,2.78281,2.97158
"0842",0.96582,1.58281,2.34658
"0843",0.46582,3.98281,3.59658
"0844",0.34082,2.18281,3.28408
"0845",0.84082,4.58281,4.53408
"0846",0.59082,0.98281,3.90908
"0847",0.09082,3.38281,2.65908
"0848",0.12207,0.83281,2.89346
"0849",0.62207,3.23281,4.14346
"0850",0.87207,2.03281,3.51846
"0851",0.37207,4.43281,2.26846
"0852",0.49707,1.43281,4.45596
"0853",0.99707,3.83281,3.20596
"0854",0.74707,0.23281,2.58096
"0855",0.24707,2.63281,3.83096
"0856",0.18457,2.33281,2.11221
"0857",0.68457,4.73281,3.36221
"0858",0.93457,1.13281,3.98721
"0859",0.43457,3.53281,2.73721
"0860",0.30957,0.53281,3.67471
"0861",0.80957,2.93281,2.42471
"0862",0.55957,1.73281,3.04971
"0863",0.05957,4.13281,4.29971
"0864",0.04395,0.75781,2.30752
"0865",0.54395,3.15781,3.55752
"0866",0.79395,1.95781,4.18252
"0867",0.29395,4.35781,2.93252
"0868",0.41895,2.55781,3.87002
"0869",0.91895,4.95781,2.62002
"0870",0.66895,1.35781,3.24502
"0871",0.16895,3.75781,4.49502
"0872",0.23145,1.65781,2.77627
"0873",0.73145,4.05781,4.02627
"0874",0.98145,0.45781,3.40127
"0875",0.48145,2.85781,2.15127
"0876",0.35645,1.05781,4.33877
"0877",0.85645,3.45781,3.08877
"0878",0.60645,2.25781,2.46377
"0879",0.10645,4.65781,3.71377
"0880",0.0752,2.10781,4.10439
"0881",0.5752,4.50781,2.85439
"0882",0.8252,0.90781,2.22939
"0883",0.3252,3.30781,3.47939
"0884",0.4502,0.30781,3.16689
"0885",0.9502,2.70781,4.41689
"0886",0.7002,1.50781,3.79189
"0887",0.2002,3.90781,2.54189
"0888",0.1377,1.20781,3.63564
"0889",0.6377,3.60781,2.38564
"0890",0.8877,2.40781,3.01064
"0891",0.3877,4.80781,4.26064
"0892",0.2627,1.80781,2.69814
"0893",0.7627,4.20781,3.94814
"0894",0.5127,0.60781,4.57314
"0895",0.0127,3.00781,3.32314
"0896",0.00879,2.20156,2.59072
"0897",0.50879,4.60156,3.84072
"0898",0.75879,1.00156,4.46572
"0899",0.25879,3.40156,3.21572
"0900",0.38379,0.40156,3.52822
"0901",0.88379,2.80156,2.27822
"0902",0.63379,1.60156,2.90322
"0903",0.13379,4.00156,4.15322
"0904",0.19629,1.30156,3.05947
"0905",0.69629,3.70156,4.30947
"0906",0.94629,2.50156,3.68447
"0907",0.44629,4.90156,2.43447
"0908",0.32129,1.90156,3.99697
"0909",0.82129,4.30156,2.74697
"0910",0.57129,0.70156,2.12197
"0911",0.07129,3.10156,3.37197
"0912",0.10254,0.55156,4.3876
"0913",0.60254,2.95156,3.1376
"0914",0.85254,1.75156,2.5126
"0915",0.35254,4.15156,3.7626
"0916",0.47754,2.35156,2.8251
"0917",0.97754,4.75156,4.0751
"0918",0.72754,1.15156,3.4501
"0919",0.22754,3.55156,2.2001
"0920",0.16504,1.45156,3.91885
"0921",0.66504,3.85156,2.66885
"0922",0.91504,0.25156,3.29385
"0923",0.41504,2.65156,4.54385
"0924",0.29004,0.85156,2.35635
"0925",0.79004,3.25156,3.60635
"0926",0.54004,2.05156,4.23135
"0927",0.04004,4.45156,2.98135
"0928",0.05566,1.07656,3.80166
"0929",0.55566,3.47656,2.55166
"0930",0.80566,2.27656,3.17666
"0931",0.30566,4.67656,4.42666
"0932",0.43066,1.67656,2.23916
"0933",0.93066,4.07656,3.48916
"0934",0.68066,0.47656,4.11416
"0935",0.18066,2.87656,2.86416
"0936",0.24316,2.57656,4.58291
"0937",0.74316,4.97656,3.33291
"0938",0.99316,1.37656,2.70791
"0939",0.49316,3.77656,3.95791
"0940",0.36816,0.77656,3.02041
"0941",0.86816,3.17656,4.27041
"0942",0.61816,1.97656,3.64541
"0943",0.11816,4.37656,2.39541
"0944",0.08691,1.82656,3.25479
"0945",0.58691,4.22656,4.50479
"0946",0.83691,0.62656,3.87979
"0947",0.33691,3.02656,2.62979
"0948",0.46191,1.22656,4.19229
"0949",0.96191,3.62656,2.94229
"0950",0.71191,2.42656,2.31729
"0951",0.21191,4.82656,3.56729
"0952",0.14941,0.32656,2.47354
"0953",0.64941,2.72656,3.72354
"0954",0.89941,1.52656,4.34854
"0955",0.39941,3.92656,3.09854
"0956",0.27441,2.12656,3.41104
"0957",0.77441,4.52656,2.16104
"0958",0.52441,0.92656,2.78604
"0959",0.02441,3.32656,4.03604
"0960",0.0166,0.43906,2.72744
"0961",0.5166,2.83906,3.97744
"0962",0.7666,1.63906,3.35244
"0963",0.2666,4.03906,2.10244
"0964",0.3916,2.23906,4.28994
"0965",0.8916,4.63906,3.03994
"0966",0.6416,1.03906,2.41494
"0967",0.1416,3.43906,3.66494
"0968",0.2041,1.93906,2.25869
"0969",0.7041,4.33906,3.50869
"0970",0.9541,0.73906,4.13369
"0971",0.4541,3.13906,2.88369
"0972",0.3291,1.33906,3.82119
"0973",0.8291,3.73906,2.57119
"0974",0.5791,2.53906,3.19619
"0975",0.0791,4.93906,4.44619
"0976",0.11035,2.38906,3.58682
"0977",0.61035,4.78906,2.33682
"0978",0.86035,1.18906,2.96182
"0979",0.36035,3.58906,4.21182
"0980",0.48535,0.58906,2.64932
"0981",0.98535,2.98906,3.89932
"0982",0.73535,1.78906,4.52432
"0983",0.23535,4.18906,3.27432
"0984",0.17285,0.88906,4.05557
"0985",0.67285,3.28906,2.80557
"0986",0.92285,2.08906,2.18057
"0987",0.42285,4.48906,3.43057
"0988",0.29785,1.48906,3.11807
"0989",0.79785,3.88906,4.36807
"0990",0.54785,0.28906,3.74307
"0991",0.04785,2.68906,2.49307
"0992",0.03223,1.56406,4.25088
"0993",0.53223,3.96406,3.00088
"0994",0.78223,0.36406,2.37588
"0995",0.28223,2.76406,3.62588
"0996",0.40723,0.96406,3.31338
"0997",0.90723,3.36406,4.56338
"0998",0.65723,2.16406,3.93838
"0999",0.15723,4.56406,2.68838
"1000",0.21973,0.66406,3.46963
"1001",0.71973,3.06406,2.21963
"1002",0.96973,1.86406,2.84463
"1003",0.46973,4.26406,4.09463
"1004",0.34473,2.46406,2.53213
"1005",0.84473,4.86406,3.78213
"1006",0.59473,1.26406,4.40713
"1007",0.09473,3.66406,3.15713
"1008",0.06348,1.11406,2.1415
"1009",0.56348,3.51406,3.3915
"1010",0.81348,2.31406,4.0165
"1011",0.31348,4.71406,2.7665
"1012",0.43848,1.71406,3.704
"1013",0.93848,4.11406,2.454
"1014",0.68848,0.51406,3.079
"1015",0.18848,2.91406,4.329
"1016",0.12598,2.01406,2.92275
"1017",0.62598,4.41406,4.17275
"1018",0.87598,0.81406,3.54775
"1019",0.37598,3.21406,2.29775
"1020",0.25098,0.21406,4.48525
"1021",0.75098,2.61406,3.23525
"1022",0.50098,1.41406,2.61025
"1023",0.00098,3.81406,3.86025
"1024",0.00146,2.00703,4.15688
"1025",0.50146,4.40703,2.90688
"1026",0.75146,0.80703,2.28188
"1027",0.25146,3.20703,3.53188
"1028",0.37646,0.20703,3.21938
"1029",0.87646,2.60703,4.46938
"1030",0.62646,1.40703,3.84438
"1031",0.12646,3.80703,2.59438
"1032",0.18896,1.10703,3.37563
"1033",0.68896,3.50703,2.12563
"1034",0.93896,2.30703,2.75063
"1035",0.43896,4.70703,4.00063
"1036",0.31396,1.70703,2.43813
"1037",0.81396,4.10703,3.68813
"1038",0.56396,0.50703,4.31313
"1039",0.06396,2.90703,3.06313
"1040",0.09521,0.65703,2.20376
"1041",0.59521,3.05703,3.45376
"1042",0.84521,1.85703,4.07876
"1043",0.34521,4.25703,2.82876
"1044",0.47021,2.45703,3.76626
"1045",0.97021,4.85703,2.51626
"1046",0.72021,1.25703,3.14126
"1047",0.22021,3.65703,4.39126
"1048",0.15771,1.55703,2.98501
"1049",0.65771,3.95703,4.23501
"1050",0.90771,0.35703,3.61001
"1051",0.40771,2.75703,2.36001
"1052",0.28271,0.95703,4.54751
"1053",0.78271,3.35703,3.29751
"1054",0.53271,2.15703,2.67251
"1055",0.03271,4.55703,3.92251
"1056",0.04834,0.88203,2.86782
"1057",0.54834,3.28203,4.11782
"1058",0.79834,2.08203,3.49282
"1059",0.29834,4.48203,2.24282
"1060",0.42334,1.48203,4.43032
"1061",0.92334,3.88203,3.18032
"1062",0.67334,0.28203,2.55532
"1063",0.17334,2.68203,3.80532
"1064",0.23584,2.38203,2.39907
"1065",0.73584,4.78203,3.64907
"1066",0.98584,1.18203,4.27407
"1067",0.48584,3.58203,3.02407
"1068",0.36084,0.58203,3.96157
"1069",0.86084,2.98203,2.71157
"1070",0.61084,1.78203,3.33657
"1071",0.11084,4.18203,4.58657
"1072",0.07959,1.93203,3.57095
"1073",0.57959,4.33203,2.32095
"1074",0.82959,0.73203,2.94595
"1075",0.32959,3.13203,4.19595
"1076",0.45459,1.33203,2.63345
"1077",0.95459,3.73203,3.88345
"1078",0.70459,2.53203,4.50845
"1079",0.20459,4.93203,3.25845
"1080",0.14209,0.43203,4.0397
"1081",0.64209,2.83203,2.7897
"1082",0.89209,1.63203,2.1647
"1083",0.39209,4.03203,3.4147
"1084",0.26709,2.23203,3.1022
"1085",0.76709,4.63203,4.3522
"1086",0.51709,1.03203,3.7272
"1087",0.01709,3.43203,2.4772
"1088",0.0249,0.31953,3.6686
"1089",0.5249,2.71953,2.4186
"1090",0.7749,1.51953,3.0436
"1091",0.2749,3.91953,4.2936
"1092",0.3999,2.11953,2.1061
"1093",0.8999,4.51953,3.3561
"1094",0.6499,0.91953,3.9811
"1095",0.1499,3.31953,2.7311
"1096",0.2124,1.81953,4.44985
"1097",0.7124,4.21953,3.19985
"1098",0.9624,0.61953,2.57485
"1099",0.4624,3.01953,3.82485
"1100",0.3374,1.21953,2.88735
"1101",0.8374,3.61953,4.13735
"1102",0.5874,2.41953,3.51235
"1103",0.0874,4.81953,2.26235
"1104",0.11865,2.56953,3.27798
"1105",0.61865,4.96953,4.52798
"1106",0.86865,1.36953,3.90298
"1107",0.36865,3.76953,2.65298
"1108",0.49365,0.76953,4.21548
"1109",0.99365,3.16953,2.96548
"1110",0.74365,1.96953,2.34048
"1111",0.24365,4.36953,3.59048
"1112",0.18115,1.06953,2.49673
"1113",0.68115,3.46953,3.74673
"1114",0.93115,2.26953,4.37173
"1115",0.43115,4.66953,3.12173
"1116",0.30615,1.66953,3.43423
"1117",0.80615,4.06953,2.18423
"1118",0.55615,0.46953,2.80923
"1119",0.05615,2.86953,4.05923
"1120",0.04053,1.44453,2.69204
"1121",0.54053,3.84453,3.94204
"1122",0.79053,0.24453,4.56704
"1123",0.29053,2.64453,3.31704
"1124",0.41553,0.84453,3.62954
"1125",0.91553,3.24453,2.37954
"1126",0.66553,2.04453,3.00454
"1127",0.16553,4.44453,4.25454
"1128",0.22803,0.54453,3.16079
"1129",0.72803,2.94453,4.41079
"1130",0.97803,1.74453,3.78579
"1131",0.47803,4.14453,2.53579
"1132",0.35303,2.34453,4.09829
"1133",0.85303,4.74453,2.84829
"1134",0.60303,1.14453,2.22329
"1135",0.10303,3.54453,3.47329
"1136",0.07178,1.29453,4.33267
"1137",0.57178,3.69453,3.08267
"1138",0.82178,2.49453,2.45767
"1139",0.32178,4.89453,3.70767
"1140",0.44678,1.89453,2.77017
"1141",0.94678,4.29453,4.02017
"1142",0.69678,0.69453,3.39517
"1143",0.19678,3.09453,2.14517
"1144",0.13428,2.19453,3.86392
"1145",0.63428,4.59453,2.61392
"1146",0.88428,0.99453,3.23892
"1147",0.38428,3.39453,4.48892
"1148",0.25928,0.39453,2.30142
"1149",0.75928,2.79453,3.55142
"1150",0.50928,1.59453,4.17642
"1151",0.00928,3.99453,2.92642
"1152",0.01318,1.20078,2.36978
"1153",0.51318,3.60078,3.61978
"1154",0.76318,2.40078,4.24478
"1155",0.26318,4.80078,2.99478
"1156",0.38818,1.80078,3.93228
"1157",0.88818,4.20078,2.68228
"1158",0.63818,0.60078,3.30728
"1159",0.13818,3.00078,4.55728
"1160",0.20068,2.10078,2.83853
"1161",0.70068,4.50078,4.08853
"1162",0.95068,0.90078,3.46353
"1163",0.45068,3.30078,2.21353
"1164",0.32568,0.30078,4.40103
"1165",0.82568,2.70078,3.15103
"1166",0.57568,1.50078,2.52603
"1167",0.07568,3.90078,3.77603
"1168",0.10693,1.65078,4.0104
"1169",0.60693,4.05078,2.7604
"1170",0.85693,0.45078,2.1354
"1171",0.35693,2.85078,3.3854
"1172",0.48193,1.05078,3.0729
"1173",0.98193,3.45078,4.3229
"1174",0.73193,2.25078,3.6979
"1175",0.23193,4.65078,2.4479
"1176",0.16943,0.75078,3.54165
"1177",0.66943,3.15078,2.29165
"1178",0.91943,1.95078,2.91665
"1179",0.41943,4.35078,4.16665
"1180",0.29443,2.55078,2.60415
"1181",0.79443,4.95078,3.85415
"1182",0.54443,1.35078,4.47915
"1183",0.04443,3.75078,3.22915
"1184",0.06006,2.32578,3.42446
"1185",0.56006,4.72578,2.17446
"1186",0.81006,1.12578,2.79946
"1187",0.31006,3.52578,4.04946
"1188",0.43506,0.52578,2.48696
"1189",0.93506,2.92578,3.73696
"1190",0.68506,1.72578,4.36196
"1191",0.18506,4.12578,3.11196
"1192",0.24756,0.82578,4.20571
"1193",0.74756,3.22578,2.95571
"1194",0.99756,2.02578,2.33071
"1195",0.49756,4.42578,3.58071
"1196",0.37256,1.42578,3.26821
"1197",0.87256,3.82578,4.51821
"1198",0.62256,0.22578,3.89321
"1199",0.12256,2.62578,2.64321
"1200",0.09131,0.37578,3.03384
"1201",0.59131,2.77578,4.28384
"1202",0.84131,1.57578,3.65884
"1203",0.34131,3.97578,2.40884
"1204",0.46631,2.17578,4.59634
"1205",0.96631,4.57578,3.34634
"1206",0.71631,0.97578,2.72134
"1207",0.21631,3.37578,3.97134
"1208",0.15381,1.87578,2.25259
"1209",0.65381,4.27578,3.50259
"1210",0.90381,0.67578,4.12759
"1211",0.40381,3.07578,2.87759
"1212",0.27881,1.27578,3.81509
"1213",0.77881,3.67578,2.56509
"1214",0.52881,2.47578,3.19009
"1215",0.02881,4.87578,4.44009
"1216",0.021,1.76328,3.13149
"1217",0.521,4.16328,4.38149
"1218",0.771,0.56328,3.75649
"1219",0.271,2.96328,2.50649
"1220",0.396,1.16328,4.06899
"1221",0.896,3.56328,2.81899
"1222",0.646,2.36328,2.19399
"1223",0.146,4.76328,3.44399
"1224",0.2085,0.26328,2.66274
"1225",0.7085,2.66328,3.91274
"1226",0.9585,1.46328,4.53774
"1227",0.4585,3.86328,3.28774
"1228",0.3335,2.06328,3.60024
"1229",0.8335,4.46328,2.35024
"1230",0.5835,0.86328,2.97524
"1231",0.0835,3.26328,4.22524
"1232",0.11475,1.01328,3.83462
"1233",0.61475,3.41328,2.58462
"1234",0.86475,2.21328,3.20962
"1235",0.36475,4.61328,4.45962
"1236",0.48975,1.61328,2.27212
"1237",0.98975,4.01328,3.52212
"1238",0.73975,0.41328,4.14712
"1239",0.23975,2.81328,2.89712
"1240",0.17725,2.51328,4.30337
"1241",0.67725,4.91328,3.05337
"1242",0.92725,1.31328,2.42837
"1243",0.42725,3.71328,3.67837
"1244",0.30225,0.71328,2.74087
"1245",0.80225,3.11328,3.99087
"1246",0.55225,1.91328,3.36587
"1247",0.05225,4.31328,2.11587
"1248",0.03662,0.63828,4.49868
"1249",0.53662,3.03828,3.24868
"1250",0.78662,1.83828,2.62368
"1251",0.28662,4.23828,3.87368
"1252",0.41162,2.43828,2.93618
"1253",0.91162,4.83828,4.18618
"1254",0.66162,1.23828,3.56118
"1255",0.16162,3.63828,2.31118
"1256",0.22412,1.53828,3.71743
"1257",0.72412,3.93828,2.46743
"1258",0.97412,0.33828,3.09243
"1259",0.47412,2.73828,4.34243
"1260",0.34912,0.93828,2.15493
"1261",0.84912,3.33828,3.40493
"1262",0.59912,2.13828,4.02993
"1263",0.09912,4.53828,2.77993
"1264",0.06787,2.28828,2.54556
"1265",0.56787,4.68828,3.79556
"1266",0.81787,1.08828,4.42056
"1267",0.31787,3.48828,3.17056
"1268",0.44287,0.48828,3.48306
"1269",0.94287,2.88828,2.23306
"1270",0.69287,1.68828,2.85806
"1271",0.19287,4.08828,4.10806
"1272",0.13037,1.38828,3.32681
"1273",0.63037,3.78828,4.57681
"1274",0.88037,2.58828,3.95181
"1275",0.38037,4.98828,2.70181
"1276",0.25537,1.98828,4.26431
"1277",0.75537,4.38828,3.01431
"1278",0.50537,0.78828,2.38931
"1279",0.00537,3.18828,3.63931
"1280",0.00732,0.79766,3.2438
"1281",0.50732,3.19766,4.4938
"1282",0.75732,1.99766,3.8688
"1283",0.25732,4.39766,2.6188
"1284",0.38232,2.59766,4.1813
"1285",0.88232,4.99766,2.9313
"1286",0.63232,1.39766,2.3063
"1287",0.13232,3.79766,3.5563
"1288",0.19482,1.69766,2.46255
"1289",0.69482,4.09766,3.71255
"1290",0.94482,0.49766,4.33755
"1291",0.44482,2.89766,3.08755
"1292",0.31982,1.09766,3.40005
"1293",0.81982,3.49766,2.15005
"1294",0.56982,2.29766,2.77505
"1295",0.06982,4.69766,4.02505
"1296",0.10107,2.14766,3.79067
"1297",0.60107,4.54766,2.54067
"1298",0.85107,0.94766,3.16567
"1299",0.35107,3.34766,4.41567
"1300",0.47607,0.34766,2.22817
"1301",0.97607,2.74766,3.47817
"1302",0.72607,1.54766,4.10317
"1303",0.22607,3.94766,2.85317
"1304",0.16357,1.24766,4.57192
"1305",0.66357,3.64766,3.32192
"1306",0.91357,2.44766,2.69692
"1307",0.41357,4.84766,3.94692
"1308",0.28857,1.84766,3.00942
"1309",0.78857,4.24766,4.25942
"1310",0.53857,0.64766,3.63442
"1311",0.03857,3.04766,2.38442
"1312",0.0542,1.92266,4.37661
"1313",0.5542,4.32266,3.12661
"1314",0.8042,0.72266,2.50161
"1315",0.3042,3.12266,3.75161
"1316",0.4292,1.32266,2.81411
"1317",0.9292,3.72266,4.06411
"1318",0.6792,2.52266,3.43911
"1319",0.1792,4.92266,2.18911
"1320",0.2417,0.42266,3.90786
"1321",0.7417,2.82266,2.65786
"1322",0.9917,1.62266,3.28286
"1323",0.4917,4.02266,4.53286
"1324",0.3667,2.22266,2.34536
"1325",0.8667,4.62266,3.59536
"1326",0.6167,1.02266,4.22036
"1327",0.1167,3.42266,2.97036
"1328",0.08545,0.87266,2.57974
"1329",0.58545,3.27266,3.82974
"1330",0.83545,2.07266,4.45474
"1331",0.33545,4.47266,3.20474
"1332",0.46045,1.47266,3.51724
"1333",0.96045,3.87266,2.26724
"1334",0.71045,0.27266,2.89224
"1335",0.21045,2.67266,4.14224
"1336",0.14795,2.37266,3.04849
"1337",0.64795,4.77266,4.29849
"1338",0.89795,1.17266,3.67349
"1339",0.39795,3.57266,2.42349
"1340",0.27295,0.57266,3.98599
"1341",0.77295,2.97266,2.73599
"1342",0.52295,1.77266,2.11099
"1343",0.02295,4.17266,3.36099
"1344",0.03076,2.48516,2.16958
"1345",0.53076,4.88516,3.41958
"1346",0.78076,1.28516,4.04458
"1347",0.28076,3.68516,2.79458
"1348",0.40576,0.68516,3.73208
"1349",0.90576,3.08516,2.48208
"1350",0.65576,1.88516,3.10708
"1351",0.15576,4.28516,4.35708
"1352",0.21826,0.98516,2.95083
"1353",0.71826,3.38516,4.20083
"1354",0.96826,2.18516,3.57583
"1355",0.46826,4.58516,2.32583
"1356",0.34326,1.58516,4.51333
"1357",0.84326,3.98516,3.26333
"1358",0.59326,0.38516,2.63833
"1359",0.09326,2.78516,3.88833
"1360",0.12451,0.23516,4.27896
"1361",0.62451,2.63516,3.02896
"1362",0.87451,1.43516,2.40396
"1363",0.37451,3.83516,3.65396
"1364",0.49951,2.03516,3.34146
"1365",0.99951,4.43516,4.59146
"1366",0.74951,0.83516,3.96646
"1367",0.24951,3.23516,2.71646
"1368",0.18701,1.73516,3.49771
"1369",0.68701,4.13516,2.24771
"1370",0.93701,0.53516,2.87271
"1371",0.43701,2.93516,4.12271
"1372",0.31201,1.13516,2.56021
"1373",0.81201,3.53516,3.81021
"1374",0.56201,2.33516,4.43521
"1375",0.06201,4.73516,3.18521
"1376",0.04639,1.36016,3.61489
"1377",0.54639,3.76016,2.36489
"1378",0.79639,2.56016,2.98989
"1379",0.29639,4.96016,4.23989
"1380",0.42139,1.96016,2.67739
"1381",0.92139,4.36016,3.92739
"1382",0.67139,0.76016,4.55239
"1383",0.17139,3.16016,3.30239
"1384",0.23389,2.26016,4.08364
"1385",0.73389,4.66016,2.83364
"1386",0.98389,1.06016,2.20864
"1387",0.48389,3.46016,3.45864
"1388",0.35889,0.46016,3.14614
"1389",0.85889,2.86016,4.39614
"1390",0.60889,1.66016,3.77114
"1391",0.10889,4.06016,2.52114
"1392",0.07764,1.51016,2.75552
"1393",0.57764,3.91016,4.00552
"1394",0.82764,0.31016,3.38052
"1395",0.32764,2.71016,2.13052
"1396",0.45264,0.91016,4.31802
"1397",0.95264,3.31016,3.06802
"1398",0.70264,2.11016,2.44302
"1399",0.20264,4.51016,3.69302
"1400",0.14014,0.61016,2.28677
"1401",0.64014,3.01016,3.53677
"1402",0.89014,1.81016,4.16177
"1403",0.39014,4.21016,2.91177
"1404",0.26514,2.41016,3.84927
"1405",0.76514,4.81016,2.59927
"1406",0.51514,1.21016,3.22427
"1407",0.01514,3.61016,4.47427
"1408",0.01123,1.60391,3.93716
"1409",0.51123,4.00391,2.68716
"1410",0.76123,0.40391,3.31216
"1411",0.26123,2.80391,4.56216
"1412",0.38623,1.00391,2.37466
"1413",0.88623,3.40391,3.62466
"1414",0.63623,2.20391,4.24966
"1415",0.13623,4.60391,2.99966
"1416",0.19873,0.70391,4.40591
"1417",0.69873,3.10391,3.15591
"1418",0.94873,1.90391,2.53091
"1419",0.44873,4.30391,3.78091
"1420",0.32373,2.50391,2.84341
"1421",0.82373,4.90391,4.09341
"1422",0.57373,1.30391,3.46841
"1423",0.07373,3.70391,2.21841
"1424",0.10498,1.15391,3.07778
"1425",0.60498,3.55391,4.32778
"1426",0.85498,2.35391,3.70278
"1427",0.35498,4.75391,2.45278
"1428",0.47998,1.75391,4.01528
"1429",0.97998,4.15391,2.76528
"1430",0.72998,0.55391,2.14028
"1431",0.22998,2.95391,3.39028
"1432",0.16748,2.05391,2.60903
"1433",0.66748,4.45391,3.85903
"1434",0.91748,0.85391,4.48403
"1435",0.41748,3.25391,3.23403
"1436",0.29248,0.25391,3.54653
"1437",0.79248,2.65391,2.29653
"1438",0.54248,1.45391,2.92153
"1439",0.04248,3.85391,4.17153
"1440",0.05811,0.47891,2.41372
"1441",0.55811,2.87891,3.66372
"1442",0.80811,1.67891,4.28872
"1443",0.30811,4.07891,3.03872
"1444",0.43311,2.27891,3.35122
"1445",0.93311,4.67891,2.10122
"1446",0.68311,1.07891,2.72622
"1447",0.18311,3.47891,3.97622
"1448",0.24561,1.97891,3.19497
"1449",0.74561,4.37891,4.44497
"1450",0.99561,0.77891,3.81997
"1451",0.49561,3.17891,2.56997
"1452",0.37061,1.37891,4.13247
"1453",0.87061,3.77891,2.88247
"1454",0.62061,2.57891,2.25747
"1455",0.12061,4.97891,3.50747
"1456",0.08936,2.42891,4.5231
"1457",0.58936,4.82891,3.2731
"1458",0.83936,1.22891,2.6481
"1459",0.33936,3.62891,3.8981
"1460",0.46436,0.62891,2.9606
"1461",0.96436,3.02891,4.2106
"1462",0.71436,1.82891,3.5856
"1463",0.21436,4.22891,2.3356
"1464",0.15186,0.92891,3.74185
"1465",0.65186,3.32891,2.49185
"1466",0.90186,2.12891,3.11685
"1467",0.40186,4.52891,4.36685
"1468",0.27686,1.52891,2.17935
"1469",0.77686,3.92891,3.42935
"1470",0.52686,0.32891,4.05435
"1471",0.02686,2.72891,2.80435
"1472",0.01904,1.04141,4.11294
"1473",0.51904,3.44141,2.86294
"1474",0.76904,2.24141,2.23794
"1475",0.26904,4.64141,3.48794
"1476",0.39404,1.64141,3.17544
"1477",0.89404,4.04141,4.42544
"1478",0.64404,0.44141,3.80044
"1479",0.14404,2.84141,2.55044
"1480",0.20654,2.54141,3.64419
"1481",0.70654,4.94141,2.39419
"1482",0.95654,1.34141,3.01919
"1483",0.45654,3.74141,4.26919
"1484",0.33154,0.74141,2.70669
"1485",0.83154,3.14141,3.95669
"1486",0.58154,1.94141,4.58169
"1487",0.08154,4.34141,3.33169
"1488",0.11279,1.79141,2.31606
"1489",0.61279,4.19141,3.56606
"1490",0.86279,0.59141,4.19106
"1491",0.36279,2.99141,2.94106
"1492",0.48779,1.19141,3.87856
"1493",0.98779,3.59141,2.62856
"1494",0.73779,2.39141,3.25356
"1495",0.23779,4.79141,4.50356
"1496",0.17529,0.29141,2.78481
"1497",0.67529,2.69141,4.03481
"1498",0.92529,1.49141,3.40981
"1499",0.42529,3.89141,2.15981
"1500",0.30029,2.09141,4.34731
"1501",0.80029,4.49141,3.09731
"1502",0.55029,0.89141,2.47231
"1503",0.05029,3.29141,3.72231
"1504",0.03467,2.16641,2.902
"1505",0.53467,4.56641,4.152
"1506",0.78467,0.96641,3.527
"1507",0.28467,3.36641,2.277
"1508",0.40967,0.36641,4.4645
"1509",0.90967,2.76641,3.2145
"1510",0.65967,1.56641,2.5895
"1511",0.15967,3.96641,3.8395
"1512",0.22217,1.26641,2.12075
"1513",0.72217,3.66641,3.37075
"1514",0.97217,2.46641,3.99575
"1515",0.47217,4.86641,2.74575
"1516",0.34717,1.86641,3.68325
"1517",0.84717,4.26641,2.43325
"1518",0.59717,0.66641,3.05825
"1519",0.09717,3.06641,4.30825
"1520",0.06592,0.51641,3.44888
"1521",0.56592,2.91641,2.19888
"1522",0.81592,1.71641,2.82388
"1523",0.31592,4.11641,4.07388
"1524",0.44092,2.31641,2.51138
"1525",0.94092,4.71641,3.76138
"1526",0.69092,1.11641,4.38638
"1527",0.19092,3.51641,3.13638
"1528",0.12842,1.41641,4.23013
"1529",0.62842,3.81641,2.98013
"1530",0.87842,0.21641,2.35513
"1531",0.37842,2.61641,3.60513
"1532",0.25342,0.81641,3.29263
"1533",0.75342,3.21641,4.54263
"1534",0.50342,2.01641,3.91763
"1535",0.00342,4.41641,2.66763
"1536",0.00244,0.80234,3.49038
"1537",0.50244,3.20234,2.24038
"1538",0.75244,2.00234,2.86538
"1539",0.25244,4.40234,4.11538
"1540",0.37744,1.40234,2.55288
"1541",0.87744,3.80234,3.80288
"1542",0.62744,0.20234,4.42788
"1543",0.12744,2.60234,3.17788
"1544",0.18994,2.30234,4.27163
"1545",0.68994,4.70234,3.02163
"1546",0.93994,1.10234,2.39663
"1547",0.43994,3.50234,3.64663
"1548",0.31494,0.50234,3.33413
"1549",0.81494,2.90234,4.58413
"1550",0.56494,1.70234,3.95913
"1551",0.06494,4.10234,2.70913
"1552",0.09619,1.85234,2.94351
"1553",0.59619,4.25234,4.19351
"1554",0.84619,0.65234,3.56851
"1555",0.34619,3.05234,2.31851
"1556",0.47119,1.25234,4.50601
"1557",0.97119,3.65234,3.25601
"1558",0.72119,2.45234,2.63101
"1559",0.22119,4.85234,3.88101
"1560",0.15869,0.35234,2.16226
"1561",0.65869,2.75234,3.41226
"1562",0.90869,1.55234,4.03726
"1563",0.40869,3.95234,2.78726
"1564",0.28369,2.15234,3.72476
"1565",0.78369,4.55234,2.47476
"1566",0.53369,0.95234,3.09976
"1567",0.03369,3.35234,4.34976
"1568",0.04932,2.07734,2.27944
"1569",0.54932,4.47734,3.52944
"1570",0.79932,0.87734,4.15444
"1571",0.29932,3.27734,2.90444
"1572",0.42432,0.27734,3.84194
"1573",0.92432,2.67734,2.59194
"1574",0.67432,1.47734,3.21694
"1575",0.17432,3.87734,4.46694
"1576",0.23682,1.17734,2.74819
"1577",0.73682,3.57734,3.99819
"1578",0.98682,2.37734,3.37319
"1579",0.48682,4.77734,2.12319
"1580",0.36182,1.77734,4.31069
"1581",0.86182,4.17734,3.06069
"1582",0.61182,0.57734,2.43569
"1583",0.11182,2.97734,3.68569
"1584",0.08057,0.72734,4.07632
"1585",0.58057,3.12734,2.82632
"1586",0.83057,1.92734,2.20132
"1587",0.33057,4.32734,3.45132
"1588",0.45557,2.52734,3.13882
"1589",0.95557,4.92734,4.38882
"1590",0.70557,1.32734,3.76382
"1591",0.20557,3.72734,2.51382
"1592",0.14307,1.62734,3.60757
"1593",0.64307,4.02734,2.35757
"1594",0.89307,0.42734,2.98257
"1595",0.39307,2.82734,4.23257
"1596",0.26807,1.02734,2.67007
"1597",0.76807,3.42734,3.92007
"1598",0.51807,2.22734,4.54507
"1599",0.01807,4.62734,3.29507
"1600",0.02588,1.51484,4.5646
"1601",0.52588,3.91484,3.3146
"1602",0.77588,0.31484,2.6896
"1603",0.27588,2.71484,3.9396
"1604",0.40088,0.91484,3.0021
"1605",0.90088,3.31484,4.2521
"1606",0.65088,2.11484,3.6271
"1607",0.15088,4.51484,2.3771
"1608",0.21338,0.61484,3.78335
"1609",0.71338,3.01484,2.53335
"1610",0.96338,1.81484,3.15835
"1611",0.46338,4.21484,4.40835
"1612",0.33838,2.41484,2.22085
"1613",0.83838,4.81484,3.47085
"1614",0.58838,1.21484,4.09585
"1615",0.08838,3.61484,2.84585
"1616",0.11963,1.36484,2.45522
"1617",0.61963,3.76484,3.70522
"1618",0.86963,2.56484,4.33022
"1619",0.36963,4.96484,3.08022
"1620",0.49463,1.96484,3.39272
"1621",0.99463,4.36484,2.14272
"1622",0.74463,0.76484,2.76772
"1623",0.24463,3.16484,4.01772
"1624",0.18213,2.26484,3.23647
"1625",0.68213,4.66484,4.48647
"1626",0.93213,1.06484,3.86147
"1627",0.43213,3.46484,2.61147
"1628",0.30713,0.46484,4.17397
"1629",0.80713,2.86484,2.92397
"1630",0.55713,1.66484,2.29897
"1631",0.05713,4.06484,3.54897
"1632",0.0415,0.23984,3.04116
"1633",0.5415,2.63984,4.29116
"1634",0.7915,1.43984,3.66616
"1635",0.2915,3.83984,2.41616
"1636",0.4165,2.03984,3.97866
"1637",0.9165,4.43984,2.72866
"1638",0.6665,0.83984,2.10366
"1639",0.1665,3.23984,3.35366
"1640",0.229,1.73984,2.57241
"1641",0.729,4.13984,3.82241
"1642",0.979,0.53984,4.44741
"1643",0.479,2.93984,3.19741
"1644",0.354,1.13984,3.50991
"1645",0.854,3.53984,2.25991
"1646",0.604,2.33984,2.88491
"1647",0.104,4.73984,4.13491
"1648",0.07275,2.48984,3.90054
"1649",0.57275,4.88984,2.65054
"1650",0.82275,1.28984,3.27554
"1651",0.32275,3.68984,4.52554
"1652",0.44775,0.68984,2.33804
"1653",0.94775,3.08984,3.58804
"1654",0.69775,1.88984,4.21304
"1655",0.19775,4.28984,2.96304
"1656",0.13525,0.98984,4.36929
"1657",0.63525,3.38984,3.11929
"1658",0.88525,2.18984,2.49429
"1659",0.38525,4.58984,3.74429
"1660",0.26025,1.58984,2.80679
"1661",0.76025,3.98984,4.05679
"1662",0.51025,0.38984,3.43179
"1663",0.01025,2.78984,2.18179
"1664",0.01416,2.39609,2.79702
"1665",0.51416,4.79609,4.04702
"1666",0.76416,1.19609,3.42202
"1667",0.26416,3.59609,2.17202
"1668",0.38916,0.59609,4.35952
"1669",0.88916,2.99609,3.10952
"1670",0.63916,1.79609,2.48452
"1671",0.13916,4.19609,3.73452
"1672",0.20166,0.89609,2.32827
"1673",0.70166,3.29609,3.57827
"1674",0.95166,2.09609,4.20327
"1675",0.45166,4.49609,2.95327
"1676",0.32666,1.49609,3.89077
"1677",0.82666,3.89609,2.64077
"1678",0.57666,0.29609,3.26577
"1679",0.07666,2.69609,4.51577
"1680",0.10791,0.44609,3.6564
"1681",0.60791,2.84609,2.4064
"1682",0.85791,1.64609,3.0314
"1683",0.35791,4.04609,4.2814
"1684",0.48291,2.24609,2.7189
"1685",0.98291,4.64609,3.9689
"1686",0.73291,1.04609,4.5939
"1687",0.23291,3.44609,3.3439
"1688",0.17041,1.94609,4.12515
"1689",0.67041,4.34609,2.87515
"1690",0.92041,0.74609,2.25015
"1691",0.42041,3.14609,3.50015
"1692",0.29541,1.34609,3.18765
"1693",0.79541,3.74609,4.43765
"1694",0.54541,2.54609,3.81265
"1695",0.04541,4.94609,2.56265
"1696",0.06104,1.12109,4.24233
"1697",0.56104,3.52109,2.99233
"1698",0.81104,2.32109,2.36733
"1699",0.31104,4.72109,3.61733
"1700",0.43604,1.72109,3.30483
"1701",0.93604,4.12109,4.55483
"1702",0.68604,0.52109,3.92983
"1703",0.18604,2.92109,2.67983
"1704",0.24854,2.02109,3.46108
"1705",0.74854,4.42109,2.21108
"1706",0.99854,0.82109,2.83608
"1707",0.49854,3.22109,4.08608
"1708",0.37354,0.22109,2.52358
"1709",0.87354,2.62109,3.77358
"1710",0.62354,1.42109,4.39858
"1711",0.12354,3.82109,3.14858
"1712",0.09229,1.57109,2.13296
"1713",0.59229,3.97109,3.38296
"1714",0.84229,0.37109,4.00796
"1715",0.34229,2.77109,2.75796
"1716",0.46729,0.97109,3.69546
"1717",0.96729,3.37109,2.44546
"1718",0.71729,2.17109,3.07046
"1719",0.21729,4.57109,4.32046
"1720",0.15479,0.67109,2.91421
"1721",0.65479,3.07109,4.16421
"1722",0.90479,1.87109,3.53921
"1723",0.40479,4.27109,2.28921
"1724",0.27979,2.47109,4.47671
"1725",0.77979,4.87109,3.22671
"1726",0.52979,1.27109,2.60171
"1727",0.02979,3.67109,3.85171
"1728",0.02197,0.55859,2.62124
"1729",0.52197,2.95859,3.87124
"1730",0.77197,1.75859,4.49624
"1731",0.27197,4.15859,3.24624
"1732",0.39697,2.35859,3.55874
"1733",0.89697,4.75859,2.30874
"1734",0.64697,1.15859,2.93374
"1735",0.14697,3.55859,4.18374
"1736",0.20947,1.45859,3.08999
"1737",0.70947,3.85859,4.33999
"1738",0.95947,0.25859,3.71499
"1739",0.45947,2.65859,2.46499
"1740",0.33447,0.85859,4.02749
"1741",0.83447,3.25859,2.77749
"1742",0.58447,2.05859,2.15249
"1743",0.08447,4.45859,3.40249
"1744",0.11572,2.20859,4.41812
"1745",0.61572,4.60859,3.16812
"1746",0.86572,1.00859,2.54312
"1747",0.36572,3.40859,3.79312
"1748",0.49072,0.40859,2.85562
"1749",0.99072,2.80859,4.10562
"1750",0.74072,1.60859,3.48062
"1751",0.24072,4.00859,2.23062
"1752",0.17822,1.30859,3.94937
"1753",0.67822,3.70859,2.69937
"1754",0.92822,2.50859,3.32437
"1755",0.42822,4.90859,4.57437
"1756",0.30322,1.90859,2.38687
"1757",0.80322,4.30859,3.63687
"1758",0.55322,0.70859,4.26187
"1759",0.05322,3.10859,3.01187
"1760",0.0376,1.83359,3.75405
"1761",0.5376,4.23359,2.50405
"1762",0.7876,0.63359,3.12905
"1763",0.2876,3.03359,4.37905
"1764",0.4126,1.23359,2.19155
"1765",0.9126,3.63359,3.44155
"1766",0.6626,2.43359,4.06655
"1767",0.1626,4.83359,2.81655
"1768",0.2251,0.33359,4.5353
"1769",0.7251,2.73359,3.2853
"1770",0.9751,1.53359,2.6603
"1771",0.4751,3.93359,3.9103
"1772",0.3501,2.13359,2.9728
"1773",0.8501,4.53359,4.2228
"1774",0.6001,0.93359,3.5978
"1775",0.1001,3.33359,2.3478
"1776",0.06885,1.08359,3.20718
"1777",0.56885,3.48359,4.45718
"1778",0.81885,2.28359,3.83218
"1779",0.31885,4.68359,2.58218
"1780",0.44385,1.68359,4.14468
"1781",0.94385,4.08359,2.89468
"1782",0.69385,0.48359,2.26968
"1783",0.19385,2.88359,3.51968
"1784",0.13135,2.58359,2.42593
"1785",0.63135,4.98359,3.67593
"1786",0.88135,1.38359,4.30093
"1787",0.38135,3.78359,3.05093
"1788",0.25635,0.78359,3.36343
"1789",0.75635,3.18359,2.11343
"1790",0.50635,1.98359,2.73843
"1791",0.00635,4.38359,3.98843
"1792",0.00439,1.99297,2.50894
"1793",0.50439,4.39297,3.75894
"1794",0.75439,0.79297,4.38394
"1795",0.25439,3.19297,3.13394
"1796",0.37939,1.39297,3.44644
"1797",0.87939,3.79297,2.19644
"1798",0.62939,2.59297,2.82144
"1799",0.12939,4.99297,4.07144
"1800",0.19189,0.49297,3.29019
"1801",0.69189,2.89297,4.54019
"1802",0.94189,1.69297,3.91519
"1803",0.44189,4.09297,2.66519
"1804",0.31689,2.29297,4.22769
"1805",0.81689,4.69297,2.97769
"1806",0.56689,1.09297,2.35269
"1807",0.06689,3.49297,3.60269
"1808",0.09814,0.94297,4.46206
"1809",0.59814,3.34297,3.21206
"1810",0.84814,2.14297,2.58706
"1811",0.34814,4.54297,3.83706
"1812",0.47314,1.54297,2.89956
"1813",0.97314,3.94297,4.14956
"1814",0.72314,0.34297,3.52456
"1815",0.22314,2.74297,2.27456
"1816",0.16064,2.44297,3.68081
"1817",0.66064,4.84297,2.43081
"1818",0.91064,1.24297,3.05581
"1819",0.41064,3.64297,4.30581
"1820",0.28564,0.64297,2.11831
"1821",0.78564,3.04297,3.36831
"1822",0.53564,1.84297,3.99331
"1823",0.03564,4.24297,2.74331
"1824",0.05127,0.71797,3.87612
"1825",0.55127,3.11797,2.62612
"1826",0.80127,1.91797,3.25112
"1827",0.30127,4.31797,4.50112
"1828",0.42627,2.51797,2.31362
"1829",0.92627,4.91797,3.56362
"1830",0.67627,1.31797,4.18862
"1831",0.17627,3.71797,2.93862
"1832",0.23877,1.61797,4.34487
"1833",0.73877,4.01797,3.09487
"1834",0.98877,0.41797,2.46987
"1835",0.48877,2.81797,3.71987
"1836",0.36377,1.01797,2.78237
"1837",0.86377,3.41797,4.03237
"1838",0.61377,2.21797,3.40737
"1839",0.11377,4.61797,2.15737
"1840",0.08252,2.06797,3.173
"1841",0.58252,4.46797,4.423
"1842",0.83252,0.86797,3.798
"1843",0.33252,3.26797,2.548
"1844",0.45752,0.26797,4.1105
"1845",0.95752,2.66797,2.8605
"1846",0.70752,1.46797,2.2355
"1847",0.20752,3.86797,3.4855
"1848",0.14502,1.16797,2.70425
"1849",0.64502,3.56797,3.95425
"1850",0.89502,2.36797,4.57925
"1851",0.39502,4.76797,3.32925
"1852",0.27002,1.76797,3.64175
"1853",0.77002,4.16797,2.39175
"1854",0.52002,0.56797,3.01675
"1855",0.02002,2.96797,4.26675
"1856",0.02783,1.28047,2.99722
"1857",0.52783,3.68047,4.24722
"1858",0.77783,2.48047,3.62222
"1859",0.27783,4.88047,2.37222
"1860",0.40283,1.88047,4.55972
"1861",0.90283,4.28047,3.30972
"1862",0.65283,0.68047,2.68472
"1863",0.15283,3.08047,3.93472
"1864",0.21533,2.18047,2.21597
"1865",0.71533,4.58047,3.46597
"1866",0.96533,0.98047,4.09097
"1867",0.46533,3.38047,2.84097
"1868",0.34033,0.38047,3.77847
"1869",0.84033,2.78047,2.52847
"1870",0.59033,1.58047,3.15347
"1871",0.09033,3.98047,4.40347
"1872",0.12158,1.43047,3.38784
"1873",0.62158,3.83047,2.13784
"1874",0.87158,0.23047,2.76284
"1875",0.37158,2.63047,4.01284
"1876",0.49658,0.83047,2.45034
"1877",0.99658,3.23047,3.70034
"1878",0.74658,2.03047,4.32534
"1879",0.24658,4.43047,3.07534
"1880",0.18408,0.53047,4.16909
"1881",0.68408,2.93047,2.91909
"1882",0.93408,1.73047,2.29409
"1883",0.43408,4.13047,3.54409
"1884",0.30908,2.33047,3.23159
"1885",0.80908,4.73047,4.48159
"1886",0.55908,1.13047,3.85659
"1887",0.05908,3.53047,2.60659
"1888",0.04346,2.55547,4.0519
"1889",0.54346,4.95547,2.8019
"1890",0.79346,1.35547,2.1769
"1891",0.29346,3.75547,3.4269
"1892",0.41846,0.75547,3.1144
"1893",0.91846,3.15547,4.3644
"1894",0.66846,1.95547,3.7394
"1895",0.16846,4.35547,2.4894
"1896",0.23096,1.05547,3.58315
"1897",0.73096,3.45547,2.33315
"1898",0.98096,2.25547,2.95815
"1899",0.48096,4.65547,4.20815
"1900",0.35596,1.65547,2.64565
"1901",0.85596,4.05547,3.89565
"1902",0.60596,0.45547,4.52065
"1903",0.10596,2.85547,3.27065
"1904",0.07471,0.30547,2.41128
"1905",0.57471,2.70547,3.66128
"1906",0.82471,1.50547,4.28628
"1907",0.32471,3.90547,3.03628
"1908",0.44971,2.10547,3.97378
"1909",0.94971,4.50547,2.72378
"1910",0.69971,0.90547,3.34878
"1911",0.19971,3.30547,4.59878
"1912",0.13721,1.80547,2.88003
"1913",0.63721,4.20547,4.13003
"1914",0.88721,0.60547,3.50503
"1915",0.38721,3.00547,2.25503
"1916",0.26221,1.20547,4.44253
"1917",0.76221,3.60547,3.19253
"1918",0.51221,2.40547,2.56753
"1919",0.01221,4.80547,3.81753
"1920",0.0083,0.39922,4.29604
"1921",0.5083,2.79922,3.04604
"1922",0.7583,1.59922,2.42104
"1923",0.2583,3.99922,3.67104
"1924",0.3833,2.19922,2.73354
"1925",0.8833,4.59922,3.98354
"1926",0.6333,0.99922,3.35854
"1927",0.1333,3.39922,2.10854
"1928",0.1958,1.89922,3.82729
"1929",0.6958,4.29922,2.57729
"1930",0.9458,0.69922,3.20229
"1931",0.4458,3.09922,4.45229
"1932",0.3208,1.29922,2.26479
"1933",0.8208,3.69922,3.51479
"1934",0.5708,2.49922,4.13979
"1935",0.0708,4.89922,2.88979
"1936",0.10205,2.34922,2.65542
"1937",0.60205,4.74922,3.90542
"1938",0.85205,1.14922,4.53042
"1939",0.35205,3.54922,3.28042
"1940",0.47705,0.54922,3.59292
"1941",0.97705,2.94922,2.34292
"1942",0.72705,1.74922,2.96792
"1943",0.22705,4.14922,4.21792
"1944",0.16455,0.84922,3.12417
"1945",0.66455,3.24922,4.37417
"1946",0.91455,2.04922,3.74917
"1947",0.41455,4.44922,2.49917
"1948",0.28955,1.44922,4.06167
"1949",0.78955,3.84922,2.81167
"1950",0.53955,0.24922,2.18667
"1951",0.03955,2.64922,3.43667
"1952",0.05518,1.67422,3.31948
"1953",0.55518,4.07422,4.56948
"1954",0.80518,0.47422,3.94448
"1955",0.30518,2.87422,2.69448
"1956",0.43018,1.07422,4.25698
"1957",0.93018,3.47422,3.00698
"1958",0.68018,2.27422,2.38198
"1959",0.18018,4.67422,3.63198
"1960",0.24268,0.77422,2.53823
"1961",0.74268,3.17422,3.78823
"1962",0.99268,1.97422,4.41323
"1963",0.49268,4.37422,3.16323
"1964",0.36768,2.57422,3.47573
"1965",0.86768,4.97422,2.22573
"1966",0.61768,1.37422,2.85073
"1967",0.11768,3.77422,4.10073
"1968",0.08643,1.22422,3.71011
"1969",0.58643,3.62422,2.46011
"1970",0.83643,2.42422,3.08511
"1971",0.33643,4.82422,4.33511
"1972",0.46143,1.82422,2.14761
"1973",0.96143,4.22422,3.39761
"1974",0.71143,0.62422,4.02261
"1975",0.21143,3.02422,2.77261
"1976",0.14893,2.12422,4.49136
"1977",0.64893,4.52422,3.24136
"1978",0.89893,0.92422,2.61636
"1979",0.39893,3.32422,3.86636
"1980",0.27393,0.32422,2.92886
"1981",0.77393,2.72422,4.17886
"1982",0.52393,1.52422,3.55386
"1983",0.02393,3.92422,2.30386
"1984",0.01611,2.23672,3.53433
"1985",0.51611,4.63672,2.28433
"1986",0.76611,1.03672,2.90933
"1987",0.26611,3.43672,4.15933
"1988",0.39111,0.43672,2.59683
"1989",0.89111,2.83672,3.84683
"1990",0.64111,1.63672,4.47183
"1991",0.14111,4.03672,3.22183
"1992",0.20361,1.33672,4.00308
"1993",0.70361,3.73672,2.75308
"1994",0.95361,2.53672,2.12808
"1995",0.45361,4.93672,3.37808
"1996",0.32861,1.93672,3.06558
"1997",0.82861,4.33672,4.31558
"1998",0.57861,0.73672,3.69058
"1999",0.07861,3.13672,2.44058
"2000",0.10986,0.58672,2.8312
