"run_index","beta","q10","s","run_name","tempature_flag","landflux_flag"
1,0.5,2.6,3.35,"hectorSA-0001",0,0
2,0.75,1.4,3.975,"hectorSA-0002",0,0
3,0.25,3.8,2.725,"hectorSA-0003",0,0
4,0.375,2,3.6625,"hectorSA-0004",0,0
5,0.875,4.4,2.4125,"hectorSA-0005",1,1
6,0.625,0.8,3.0375,"hectorSA-0006",0,0
7,0.125,3.2,4.2875,"hectorSA-0007",0,0
8,0.1875,1.7,2.88125,"hectorSA-0008",0,0
9,0.6875,4.1,4.13125,"hectorSA-0009",0,0
10,0.9375,0.5,3.50625,"hectorSA-0010",0,0
11,0.4375,2.9,2.25625,"hectorSA-0011",0,0
12,0.3125,1.1,4.44375,"hectorSA-0012",0,0
13,0.8125,3.5,3.19375,"hectorSA-0013",0,0
14,0.5625,2.3,2.56875,"hectorSA-0014",0,0
15,0.0625,4.7,3.81875,"hectorSA-0015",0,0
16,0.09375,2.45,4.20937,"hectorSA-0016",0,0
17,0.59375,4.85,2.95938,"hectorSA-0017",0,0
18,0.84375,1.25,2.33438,"hectorSA-0018",1,0
19,0.34375,3.65,3.58438,"hectorSA-0019",0,0
20,0.46875,0.65,3.27188,"hectorSA-0020",0,0
21,0.96875,3.05,4.52187,"hectorSA-0021",0,0
22,0.71875,1.85,3.89688,"hectorSA-0022",0,0
23,0.21875,4.25,2.64688,"hectorSA-0023",0,0
24,0.15625,0.95,3.42813,"hectorSA-0024",0,0
25,0.65625,3.35,2.17813,"hectorSA-0025",1,1
26,0.90625,2.15,2.80313,"hectorSA-0026",1,0
27,0.40625,4.55,4.05312,"hectorSA-0027",0,0
28,0.28125,1.55,2.49063,"hectorSA-0028",0,0
29,0.78125,3.95,3.74063,"hectorSA-0029",0,0
30,0.53125,0.35,4.36562,"hectorSA-0030",0,0
31,0.03125,2.75,3.11563,"hectorSA-0031",0,0
32,0.04688,1.475,3.62344,"hectorSA-0032",0,0
33,0.54688,3.875,2.37344,"hectorSA-0033",0,0
34,0.79688,0.275,2.99844,"hectorSA-0034",1,0
35,0.29688,2.675,4.24844,"hectorSA-0035",0,0
36,0.42188,0.875,2.68594,"hectorSA-0036",0,0
37,0.92188,3.275,3.93594,"hectorSA-0037",0,0
38,0.67188,2.075,4.56094,"hectorSA-0038",0,0
39,0.17188,4.475,3.31094,"hectorSA-0039",0,0
40,0.23438,0.575,4.09219,"hectorSA-0040",0,0
41,0.73438,2.975,2.84219,"hectorSA-0041",0,0
42,0.98438,1.775,2.21719,"hectorSA-0042",1,0
43,0.48438,4.175,3.46719,"hectorSA-0043",0,0
44,0.35938,2.375,3.15469,"hectorSA-0044",0,0
45,0.85938,4.775,4.40469,"hectorSA-0045",0,0
46,0.60938,1.175,3.77969,"hectorSA-0046",0,0
47,0.10938,3.575,2.52969,"hectorSA-0047",0,0
48,0.07812,1.325,2.76406,"hectorSA-0048",0,0
49,0.57812,3.725,4.01406,"hectorSA-0049",0,0
50,0.82812,2.525,3.38906,"hectorSA-0050",0,0
51,0.32812,4.925,2.13906,"hectorSA-0051",0,0
52,0.45312,1.925,4.32656,"hectorSA-0052",0,0
53,0.95312,4.325,3.07656,"hectorSA-0053",1,1
54,0.70312,0.725,2.45156,"hectorSA-0054",1,0
55,0.20312,3.125,3.70156,"hectorSA-0055",0,0
56,0.14062,2.225,2.29531,"hectorSA-0056",0,0
57,0.64062,4.625,3.54531,"hectorSA-0057",0,0
58,0.89062,1.025,4.17031,"hectorSA-0058",0,0
59,0.39062,3.425,2.92031,"hectorSA-0059",0,0
60,0.26562,0.425,3.85781,"hectorSA-0060",0,0
61,0.76562,2.825,2.60781,"hectorSA-0061",1,1
62,0.51562,1.625,3.23281,"hectorSA-0062",0,0
63,0.01562,4.025,4.48281,"hectorSA-0063",0,0
64,0.02344,2.1125,3.21328,"hectorSA-0064",0,0
65,0.52344,4.5125,4.46328,"hectorSA-0065",0,0
66,0.77344,0.9125,3.83828,"hectorSA-0066",0,0
67,0.27344,3.3125,2.58828,"hectorSA-0067",0,0
68,0.39844,0.3125,4.15078,"hectorSA-0068",0,0
69,0.89844,2.7125,2.90078,"hectorSA-0069",1,0
70,0.64844,1.5125,2.27578,"hectorSA-0070",1,1
71,0.14844,3.9125,3.52578,"hectorSA-0071",0,0
72,0.21094,1.2125,2.43203,"hectorSA-0072",0,0
73,0.71094,3.6125,3.68203,"hectorSA-0073",0,0
74,0.96094,2.4125,4.30703,"hectorSA-0074",0,0
75,0.46094,4.8125,3.05703,"hectorSA-0075",0,0
76,0.33594,1.8125,3.36953,"hectorSA-0076",0,0
77,0.83594,4.2125,2.11953,"hectorSA-0077",1,1
78,0.58594,0.6125,2.74453,"hectorSA-0078",0,0
79,0.08594,3.0125,3.99453,"hectorSA-0079",0,0
80,0.11719,0.7625,3.76016,"hectorSA-0080",0,0
81,0.61719,3.1625,2.51016,"hectorSA-0081",0,0
82,0.86719,1.9625,3.13516,"hectorSA-0082",0,0
83,0.36719,4.3625,4.38516,"hectorSA-0083",0,0
84,0.49219,2.5625,2.19766,"hectorSA-0084",1,0
85,0.99219,4.9625,3.44766,"hectorSA-0085",0,0
86,0.74219,1.3625,4.07266,"hectorSA-0086",0,0
87,0.24219,3.7625,2.82266,"hectorSA-0087",0,0
88,0.17969,1.6625,4.54141,"hectorSA-0088",0,0
89,0.67969,4.0625,3.29141,"hectorSA-0089",0,0
90,0.92969,0.4625,2.66641,"hectorSA-0090",1,0
91,0.42969,2.8625,3.91641,"hectorSA-0091",0,0
92,0.30469,1.0625,2.97891,"hectorSA-0092",0,0
93,0.80469,3.4625,4.22891,"hectorSA-0093",0,0
94,0.55469,2.2625,3.60391,"hectorSA-0094",0,0
95,0.05469,4.6625,2.35391,"hectorSA-0095",0,0
96,0.03906,0.8375,4.42422,"hectorSA-0096",0,0
97,0.53906,3.2375,3.17422,"hectorSA-0097",0,0
98,0.78906,2.0375,2.54922,"hectorSA-0098",1,1
99,0.28906,4.4375,3.79922,"hectorSA-0099",0,0
100,0.41406,1.4375,2.86172,"hectorSA-0100",0,0
101,0.91406,3.8375,4.11172,"hectorSA-0101",0,0
102,0.66406,0.2375,3.48672,"hectorSA-0102",0,0
103,0.16406,2.6375,2.23672,"hectorSA-0103",0,0
104,0.22656,2.3375,3.95547,"hectorSA-0104",0,0
105,0.72656,4.7375,2.70547,"hectorSA-0105",0,0
106,0.97656,1.1375,3.33047,"hectorSA-0106",0,0
107,0.47656,3.5375,4.58047,"hectorSA-0107",0,0
108,0.35156,0.5375,2.39297,"hectorSA-0108",0,0
109,0.85156,2.9375,3.64297,"hectorSA-0109",0,0
110,0.60156,1.7375,4.26797,"hectorSA-0110",0,0
111,0.10156,4.1375,3.01797,"hectorSA-0111",0,0
112,0.07031,1.8875,2.62734,"hectorSA-0112",0,0
113,0.57031,4.2875,3.87734,"hectorSA-0113",0,0
114,0.82031,0.6875,4.50234,"hectorSA-0114",0,0
115,0.32031,3.0875,3.25234,"hectorSA-0115",0,0
116,0.44531,1.2875,3.56484,"hectorSA-0116",0,0
117,0.94531,3.6875,2.31484,"hectorSA-0117",1,0
118,0.69531,2.4875,2.93984,"hectorSA-0118",0,0
119,0.19531,4.8875,4.18984,"hectorSA-0119",0,0
120,0.13281,0.3875,3.09609,"hectorSA-0120",0,0
121,0.63281,2.7875,4.34609,"hectorSA-0121",0,0
122,0.88281,1.5875,3.72109,"hectorSA-0122",0,0
123,0.38281,3.9875,2.47109,"hectorSA-0123",0,0
124,0.25781,2.1875,4.03359,"hectorSA-0124",0,0
125,0.75781,4.5875,2.78359,"hectorSA-0125",0,0
126,0.50781,0.9875,2.15859,"hectorSA-0126",1,0
127,0.00781,3.3875,3.40859,"hectorSA-0127",0,0
128,0.01172,1.79375,4.06289,"hectorSA-0128",0,0
129,0.51172,4.19375,2.81289,"hectorSA-0129",0,0
130,0.76172,0.59375,2.18789,"hectorSA-0130",1,0
131,0.26172,2.99375,3.43789,"hectorSA-0131",0,0
132,0.38672,1.19375,3.12539,"hectorSA-0132",0,0
133,0.88672,3.59375,4.37539,"hectorSA-0133",0,0
134,0.63672,2.39375,3.75039,"hectorSA-0134",0,0
135,0.13672,4.79375,2.50039,"hectorSA-0135",0,0
136,0.19922,0.29375,3.59414,"hectorSA-0136",0,0
137,0.69922,2.69375,2.34414,"hectorSA-0137",1,1
138,0.94922,1.49375,2.96914,"hectorSA-0138",1,0
139,0.44922,3.89375,4.21914,"hectorSA-0139",0,0
140,0.32422,2.09375,2.65664,"hectorSA-0140",0,0
141,0.82422,4.49375,3.90664,"hectorSA-0141",0,0
142,0.57422,0.89375,4.53164,"hectorSA-0142",0,0
143,0.07422,3.29375,3.28164,"hectorSA-0143",0,0
144,0.10547,1.04375,2.26602,"hectorSA-0144",0,0
145,0.60547,3.44375,3.51602,"hectorSA-0145",0,0
146,0.85547,2.24375,4.14102,"hectorSA-0146",0,0
147,0.35547,4.64375,2.89102,"hectorSA-0147",0,0
148,0.48047,1.64375,3.82852,"hectorSA-0148",0,0
149,0.98047,4.04375,2.57852,"hectorSA-0149",1,0
150,0.73047,0.44375,3.20352,"hectorSA-0150",0,0
151,0.23047,2.84375,4.45352,"hectorSA-0151",0,0
152,0.16797,2.54375,2.73477,"hectorSA-0152",0,0
153,0.66797,4.94375,3.98477,"hectorSA-0153",0,0
154,0.91797,1.34375,3.35977,"hectorSA-0154",0,0
155,0.41797,3.74375,2.10977,"hectorSA-0155",1,0
156,0.29297,0.74375,4.29727,"hectorSA-0156",0,0
157,0.79297,3.14375,3.04727,"hectorSA-0157",0,0
158,0.54297,1.94375,2.42227,"hectorSA-0158",0,0
159,0.04297,4.34375,3.67227,"hectorSA-0159",0,0
160,0.05859,0.51875,2.93008,"hectorSA-0160",0,0
161,0.55859,2.91875,4.18008,"hectorSA-0161",0,0
162,0.80859,1.71875,3.55508,"hectorSA-0162",0,0
163,0.30859,4.11875,2.30508,"hectorSA-0163",0,0
164,0.43359,2.31875,4.49258,"hectorSA-0164",0,0
165,0.93359,4.71875,3.24258,"hectorSA-0165",0,0
166,0.68359,1.11875,2.61758,"hectorSA-0166",1,1
167,0.18359,3.51875,3.86758,"hectorSA-0167",0,0
168,0.24609,1.41875,2.14883,"hectorSA-0168",0,0
169,0.74609,3.81875,3.39883,"hectorSA-0169",0,0
170,0.99609,0.21875,4.02383,"hectorSA-0170",0,0
171,0.49609,2.61875,2.77383,"hectorSA-0171",0,0
172,0.37109,0.81875,3.71133,"hectorSA-0172",0,0
173,0.87109,3.21875,2.46133,"hectorSA-0173",1,1
174,0.62109,2.01875,3.08633,"hectorSA-0174",0,0
175,0.12109,4.41875,4.33633,"hectorSA-0175",0,0
176,0.08984,2.16875,3.47695,"hectorSA-0176",0,0
177,0.58984,4.56875,2.22695,"hectorSA-0177",1,0
178,0.83984,0.96875,2.85195,"hectorSA-0178",1,0
179,0.33984,3.36875,4.10195,"hectorSA-0179",0,0
180,0.46484,0.36875,2.53945,"hectorSA-0180",0,0
181,0.96484,2.76875,3.78945,"hectorSA-0181",0,0
182,0.71484,1.56875,4.41445,"hectorSA-0182",0,0
183,0.21484,3.96875,3.16445,"hectorSA-0183",0,0
184,0.15234,1.26875,4.2582,"hectorSA-0184",0,0
185,0.65234,3.66875,3.0082,"hectorSA-0185",0,0
186,0.90234,2.46875,2.3832,"hectorSA-0186",1,0
187,0.40234,4.86875,3.6332,"hectorSA-0187",0,0
188,0.27734,1.86875,3.3207,"hectorSA-0188",0,0
189,0.77734,4.26875,4.5707,"hectorSA-0189",0,0
190,0.52734,0.66875,3.9457,"hectorSA-0190",0,0
191,0.02734,3.06875,2.6957,"hectorSA-0191",0,0
192,0.01953,1.15625,3.92617,"hectorSA-0192",0,0
193,0.51953,3.55625,2.67617,"hectorSA-0193",0,0
194,0.76953,2.35625,3.30117,"hectorSA-0194",0,0
195,0.26953,4.75625,4.55117,"hectorSA-0195",0,0
196,0.39453,1.75625,2.36367,"hectorSA-0196",0,0
197,0.89453,4.15625,3.61367,"hectorSA-0197",0,0
198,0.64453,0.55625,4.23867,"hectorSA-0198",0,0
199,0.14453,2.95625,2.98867,"hectorSA-0199",0,0
200,0.20703,2.05625,4.39492,"hectorSA-0200",0,0
201,0.70703,4.45625,3.14492,"hectorSA-0201",0,0
202,0.95703,0.85625,2.51992,"hectorSA-0202",1,0
203,0.45703,3.25625,3.76992,"hectorSA-0203",0,0
204,0.33203,0.25625,2.83242,"hectorSA-0204",0,0
205,0.83203,2.65625,4.08242,"hectorSA-0205",0,0
206,0.58203,1.45625,3.45742,"hectorSA-0206",0,0
207,0.08203,3.85625,2.20742,"hectorSA-0207",0,0
208,0.11328,1.60625,3.0668,"hectorSA-0208",0,0
209,0.61328,4.00625,4.3168,"hectorSA-0209",0,0
210,0.86328,0.40625,3.6918,"hectorSA-0210",0,0
211,0.36328,2.80625,2.4418,"hectorSA-0211",0,0
212,0.48828,1.00625,4.0043,"hectorSA-0212",0,0
213,0.98828,3.40625,2.7543,"hectorSA-0213",1,0
214,0.73828,2.20625,2.1293,"hectorSA-0214",1,1
215,0.23828,4.60625,3.3793,"hectorSA-0215",0,0
216,0.17578,0.70625,2.59805,"hectorSA-0216",0,0
217,0.67578,3.10625,3.84805,"hectorSA-0217",0,0
218,0.92578,1.90625,4.47305,"hectorSA-0218",0,0
219,0.42578,4.30625,3.22305,"hectorSA-0219",0,0
220,0.30078,2.50625,3.53555,"hectorSA-0220",0,0
221,0.80078,4.90625,2.28555,"hectorSA-0221",1,1
222,0.55078,1.30625,2.91055,"hectorSA-0222",0,0
223,0.05078,3.70625,4.16055,"hectorSA-0223",0,0
224,0.03516,2.43125,2.48086,"hectorSA-0224",0,0
225,0.53516,4.83125,3.73086,"hectorSA-0225",0,0
226,0.78516,1.23125,4.35586,"hectorSA-0226",0,0
227,0.28516,3.63125,3.10586,"hectorSA-0227",0,0
228,0.41016,0.63125,3.41836,"hectorSA-0228",0,0
229,0.91016,3.03125,2.16836,"hectorSA-0229",1,0
230,0.66016,1.83125,2.79336,"hectorSA-0230",0,0
231,0.16016,4.23125,4.04336,"hectorSA-0231",0,0
232,0.22266,0.93125,3.26211,"hectorSA-0232",0,0
233,0.72266,3.33125,4.51211,"hectorSA-0233",0,0
234,0.97266,2.13125,3.88711,"hectorSA-0234",0,0
235,0.47266,4.53125,2.63711,"hectorSA-0235",0,0
236,0.34766,1.53125,4.19961,"hectorSA-0236",0,0
237,0.84766,3.93125,2.94961,"hectorSA-0237",0,0
238,0.59766,0.33125,2.32461,"hectorSA-0238",1,0
239,0.09766,2.73125,3.57461,"hectorSA-0239",0,0
240,0.06641,0.48125,4.59023,"hectorSA-0240",0,0
241,0.56641,2.88125,3.34023,"hectorSA-0241",0,0
242,0.81641,1.68125,2.71523,"hectorSA-0242",1,1
243,0.31641,4.08125,3.96523,"hectorSA-0243",0,0
244,0.44141,2.28125,3.02773,"hectorSA-0244",0,0
245,0.94141,4.68125,4.27773,"hectorSA-0245",0,0
246,0.69141,1.08125,3.65273,"hectorSA-0246",0,0
247,0.19141,3.48125,2.40273,"hectorSA-0247",0,0
248,0.12891,1.98125,3.80898,"hectorSA-0248",0,0
249,0.62891,4.38125,2.55898,"hectorSA-0249",0,0
250,0.87891,0.78125,3.18398,"hectorSA-0250",0,0
251,0.37891,3.18125,4.43398,"hectorSA-0251",0,0
252,0.25391,1.38125,2.24648,"hectorSA-0252",0,0
253,0.75391,3.78125,3.49648,"hectorSA-0253",0,0
254,0.50391,2.58125,4.12148,"hectorSA-0254",0,0
255,0.00391,4.98125,2.87148,"hectorSA-0255",0,0
256,0.00586,2.59063,3.73574,"hectorSA-0256",0,0
257,0.50586,4.99062,2.48574,"hectorSA-0257",0,0
258,0.75586,1.39062,3.11074,"hectorSA-0258",0,0
259,0.25586,3.79062,4.36074,"hectorSA-0259",0,0
260,0.38086,0.79062,2.17324,"hectorSA-0260",1,0
261,0.88086,3.19063,3.42324,"hectorSA-0261",0,0
262,0.63086,1.99062,4.04824,"hectorSA-0262",0,0
263,0.13086,4.39062,2.79824,"hectorSA-0263",0,0
264,0.19336,1.09062,4.51699,"hectorSA-0264",0,0
265,0.69336,3.49063,3.26699,"hectorSA-0265",0,0
266,0.94336,2.29062,2.64199,"hectorSA-0266",1,0
267,0.44336,4.69062,3.89199,"hectorSA-0267",0,0
268,0.31836,1.69062,2.95449,"hectorSA-0268",0,0
269,0.81836,4.09063,4.20449,"hectorSA-0269",0,0
270,0.56836,0.49062,3.57949,"hectorSA-0270",0,0
271,0.06836,2.89062,2.32949,"hectorSA-0271",0,0
272,0.09961,0.34062,3.34512,"hectorSA-0272",0,0
273,0.59961,2.74063,4.59512,"hectorSA-0273",0,0
274,0.84961,1.54062,3.97012,"hectorSA-0274",0,0
275,0.34961,3.94062,2.72012,"hectorSA-0275",0,0
276,0.47461,2.14062,4.28262,"hectorSA-0276",0,0
277,0.97461,4.54063,3.03262,"hectorSA-0277",1,1
278,0.72461,0.94062,2.40762,"hectorSA-0278",1,0
279,0.22461,3.34063,3.65762,"hectorSA-0279",0,0
280,0.16211,1.84062,2.56387,"hectorSA-0280",0,0
281,0.66211,4.24062,3.81387,"hectorSA-0281",0,0
282,0.91211,0.64062,4.43887,"hectorSA-0282",0,0
283,0.41211,3.04062,3.18887,"hectorSA-0283",0,0
284,0.28711,1.24062,3.50137,"hectorSA-0284",0,0
285,0.78711,3.64062,2.25137,"hectorSA-0285",1,1
286,0.53711,2.44063,2.87637,"hectorSA-0286",0,0
287,0.03711,4.84063,4.12637,"hectorSA-0287",0,0
288,0.05273,1.31562,2.68105,"hectorSA-0288",0,0
289,0.55273,3.71563,3.93105,"hectorSA-0289",0,0
290,0.80273,2.51562,4.55605,"hectorSA-0290",0,0
291,0.30273,4.91563,3.30605,"hectorSA-0291",0,0
292,0.42773,1.91562,3.61855,"hectorSA-0292",0,0
293,0.92773,4.31562,2.36855,"hectorSA-0293",1,1
294,0.67773,0.71562,2.99355,"hectorSA-0294",0,0
295,0.17773,3.11563,4.24355,"hectorSA-0295",0,0
296,0.24023,2.21563,3.1498,"hectorSA-0296",0,0
297,0.74023,4.61562,4.3998,"hectorSA-0297",0,0
298,0.99023,1.01562,3.7748,"hectorSA-0298",0,0
299,0.49023,3.41562,2.5248,"hectorSA-0299",0,0
300,0.36523,0.41562,4.0873,"hectorSA-0300",0,0
301,0.86523,2.81563,2.8373,"hectorSA-0301",1,1
302,0.61523,1.61562,2.2123,"hectorSA-0302",1,1
303,0.11523,4.01562,3.4623,"hectorSA-0303",0,0
304,0.08398,1.46562,4.32168,"hectorSA-0304",0,0
305,0.58398,3.86563,3.07168,"hectorSA-0305",0,0
306,0.83398,0.26562,2.44668,"hectorSA-0306",1,0
307,0.33398,2.66562,3.69668,"hectorSA-0307",0,0
308,0.45898,0.86563,2.75918,"hectorSA-0308",0,0
309,0.95898,3.26562,4.00918,"hectorSA-0309",0,0
310,0.70898,2.06562,3.38418,"hectorSA-0310",0,0
311,0.20898,4.46563,2.13418,"hectorSA-0311",0,0
312,0.14648,0.56563,3.85293,"hectorSA-0312",0,0
313,0.64648,2.96563,2.60293,"hectorSA-0313",0,0
314,0.89648,1.76562,3.22793,"hectorSA-0314",0,0
315,0.39648,4.16562,4.47793,"hectorSA-0315",0,0
316,0.27148,2.36563,2.29043,"hectorSA-0316",0,0
317,0.77148,4.76562,3.54043,"hectorSA-0317",0,0
318,0.52148,1.16562,4.16543,"hectorSA-0318",0,0
319,0.02148,3.56563,2.91543,"hectorSA-0319",0,0
320,0.0293,0.67812,4.18496,"hectorSA-0320",0,0
321,0.5293,3.07812,2.93496,"hectorSA-0321",0,0
322,0.7793,1.87812,2.30996,"hectorSA-0322",1,1
323,0.2793,4.27813,3.55996,"hectorSA-0323",0,0
324,0.4043,2.47812,3.24746,"hectorSA-0324",0,0
325,0.9043,4.87812,4.49746,"hectorSA-0325",0,0
326,0.6543,1.27812,3.87246,"hectorSA-0326",0,0
327,0.1543,3.67813,2.62246,"hectorSA-0327",0,0
328,0.2168,1.57812,3.40371,"hectorSA-0328",0,0
329,0.7168,3.97812,2.15371,"hectorSA-0329",1,1
330,0.9668,0.37813,2.77871,"hectorSA-0330",1,0
331,0.4668,2.77813,4.02871,"hectorSA-0331",0,0
332,0.3418,0.97812,2.46621,"hectorSA-0332",0,0
333,0.8418,3.37813,3.71621,"hectorSA-0333",0,0
334,0.5918,2.17813,4.34121,"hectorSA-0334",0,0
335,0.0918,4.57812,3.09121,"hectorSA-0335",0,0
336,0.12305,2.02813,2.23184,"hectorSA-0336",0,0
337,0.62305,4.42812,3.48184,"hectorSA-0337",0,0
338,0.87305,0.82812,4.10684,"hectorSA-0338",0,0
339,0.37305,3.22812,2.85684,"hectorSA-0339",0,0
340,0.49805,0.22813,3.79434,"hectorSA-0340",0,0
341,0.99805,2.62813,2.54434,"hectorSA-0341",1,0
342,0.74805,1.42812,3.16934,"hectorSA-0342",0,0
343,0.24805,3.82812,4.41934,"hectorSA-0343",0,0
344,0.18555,1.12813,3.01309,"hectorSA-0344",0,0
345,0.68555,3.52813,4.26309,"hectorSA-0345",0,0
346,0.93555,2.32812,3.63809,"hectorSA-0346",0,0
347,0.43555,4.72813,2.38809,"hectorSA-0347",0,0
348,0.31055,1.72812,4.57559,"hectorSA-0348",0,0
349,0.81055,4.12812,3.32559,"hectorSA-0349",0,0
350,0.56055,0.52812,2.70059,"hectorSA-0350",0,0
351,0.06055,2.92813,3.95059,"hectorSA-0351",0,0
352,0.04492,1.95312,2.81777,"hectorSA-0352",0,0
353,0.54492,4.35313,4.06777,"hectorSA-0353",0,0
354,0.79492,0.75312,3.44277,"hectorSA-0354",0,0
355,0.29492,3.15313,2.19277,"hectorSA-0355",0,0
356,0.41992,1.35312,4.38027,"hectorSA-0356",0,0
357,0.91992,3.75313,3.13027,"hectorSA-0357",0,0
358,0.66992,2.55313,2.50527,"hectorSA-0358",1,1
359,0.16992,4.95312,3.75527,"hectorSA-0359",0,0
360,0.23242,0.45312,2.34902,"hectorSA-0360",0,0
361,0.73242,2.85312,3.59902,"hectorSA-0361",0,0
362,0.98242,1.65312,4.22402,"hectorSA-0362",0,0
363,0.48242,4.05312,2.97402,"hectorSA-0363",0,0
364,0.35742,2.25313,3.91152,"hectorSA-0364",0,0
365,0.85742,4.65313,2.66152,"hectorSA-0365",1,1
366,0.60742,1.05313,3.28652,"hectorSA-0366",0,0
367,0.10742,3.45312,4.53652,"hectorSA-0367",0,0
368,0.07617,0.90312,3.5209,"hectorSA-0368",0,0
369,0.57617,3.30313,2.2709,"hectorSA-0369",1,1
370,0.82617,2.10312,2.8959,"hectorSA-0370",0,0
371,0.32617,4.50312,4.1459,"hectorSA-0371",0,0
372,0.45117,1.50312,2.5834,"hectorSA-0372",0,0
373,0.95117,3.90313,3.8334,"hectorSA-0373",0,0
374,0.70117,0.30312,4.4584,"hectorSA-0374",0,0
375,0.20117,2.70312,3.2084,"hectorSA-0375",0,0
376,0.13867,2.40313,3.98965,"hectorSA-0376",0,0
377,0.63867,4.80312,2.73965,"hectorSA-0377",0,0
378,0.88867,1.20312,2.11465,"hectorSA-0378",1,0
379,0.38867,3.60312,3.36465,"hectorSA-0379",0,0
380,0.26367,0.60312,3.05215,"hectorSA-0380",0,0
381,0.76367,3.00313,4.30215,"hectorSA-0381",0,0
382,0.51367,1.80312,3.67715,"hectorSA-0382",0,0
383,0.01367,4.20312,2.42715,"hectorSA-0383",0,0
384,0.00977,0.99688,3.1791,"hectorSA-0384",0,0
385,0.50977,3.39688,4.4291,"hectorSA-0385",0,0
386,0.75977,2.19687,3.8041,"hectorSA-0386",0,0
387,0.25977,4.59687,2.5541,"hectorSA-0387",0,0
388,0.38477,1.59687,4.1166,"hectorSA-0388",0,0
389,0.88477,3.99688,2.8666,"hectorSA-0389",1,1
390,0.63477,0.39688,2.2416,"hectorSA-0390",1,0
391,0.13477,2.79688,3.4916,"hectorSA-0391",0,0
392,0.19727,2.49688,2.71035,"hectorSA-0392",0,0
393,0.69727,4.89687,3.96035,"hectorSA-0393",0,0
394,0.94727,1.29688,4.58535,"hectorSA-0394",0,0
395,0.44727,3.69687,3.33535,"hectorSA-0395",0,0
396,0.32227,0.69687,3.64785,"hectorSA-0396",0,0
397,0.82227,3.09688,2.39785,"hectorSA-0397",1,1
398,0.57227,1.89687,3.02285,"hectorSA-0398",0,0
399,0.07227,4.29688,4.27285,"hectorSA-0399",0,0
400,0.10352,1.74688,3.88223,"hectorSA-0400",0,0
401,0.60352,4.14687,2.63223,"hectorSA-0401",0,0
402,0.85352,0.54688,3.25723,"hectorSA-0402",0,0
403,0.35352,2.94687,4.50723,"hectorSA-0403",0,0
404,0.47852,1.14687,2.31973,"hectorSA-0404",0,0
405,0.97852,3.54688,3.56973,"hectorSA-0405",0,0
406,0.72852,2.34688,4.19473,"hectorSA-0406",0,0
407,0.22852,4.74688,2.94473,"hectorSA-0407",0,0
408,0.16602,0.24688,4.35098,"hectorSA-0408",0,0
409,0.66602,2.64688,3.10098,"hectorSA-0409",0,0
410,0.91602,1.44687,2.47598,"hectorSA-0410",1,0
411,0.41602,3.84687,3.72598,"hectorSA-0411",0,0
412,0.29102,2.04688,2.78848,"hectorSA-0412",0,0
413,0.79102,4.44688,4.03848,"hectorSA-0413",0,0
414,0.54102,0.84688,3.41348,"hectorSA-0414",0,0
415,0.04102,3.24688,2.16348,"hectorSA-0415",0,0
416,0.05664,2.27188,4.46816,"hectorSA-0416",0,0
417,0.55664,4.67188,3.21816,"hectorSA-0417",0,0
418,0.80664,1.07187,2.59316,"hectorSA-0418",1,0
419,0.30664,3.47188,3.84316,"hectorSA-0419",0,0
420,0.43164,0.47188,2.90566,"hectorSA-0420",0,0
421,0.93164,2.87188,4.15566,"hectorSA-0421",0,0
422,0.68164,1.67188,3.53066,"hectorSA-0422",0,0
423,0.18164,4.07187,2.28066,"hectorSA-0423",0,0
424,0.24414,1.37187,3.68691,"hectorSA-0424",0,0
425,0.74414,3.77188,2.43691,"hectorSA-0425",1,1
426,0.99414,2.57187,3.06191,"hectorSA-0426",1,0
427,0.49414,4.97187,4.31191,"hectorSA-0427",0,0
428,0.36914,1.97187,2.12441,"hectorSA-0428",0,0
429,0.86914,4.37188,3.37441,"hectorSA-0429",0,0
430,0.61914,0.77188,3.99941,"hectorSA-0430",0,0
431,0.11914,3.17188,2.74941,"hectorSA-0431",0,0
432,0.08789,0.62187,2.51504,"hectorSA-0432",0,0
433,0.58789,3.02188,3.76504,"hectorSA-0433",0,0
434,0.83789,1.82187,4.39004,"hectorSA-0434",0,0
435,0.33789,4.22187,3.14004,"hectorSA-0435",0,0
436,0.46289,2.42188,3.45254,"hectorSA-0436",0,0
437,0.96289,4.82188,2.20254,"hectorSA-0437",1,0
438,0.71289,1.22187,2.82754,"hectorSA-0438",0,0
439,0.21289,3.62188,4.07754,"hectorSA-0439",0,0
440,0.15039,1.52187,3.29629,"hectorSA-0440",0,0
441,0.65039,3.92188,4.54629,"hectorSA-0441",0,0
442,0.90039,0.32188,3.92129,"hectorSA-0442",0,0
443,0.40039,2.72188,2.67129,"hectorSA-0443",0,0
444,0.27539,0.92188,4.23379,"hectorSA-0444",0,0
445,0.77539,3.32187,2.98379,"hectorSA-0445",0,0
446,0.52539,2.12188,2.35879,"hectorSA-0446",0,0
447,0.02539,4.52187,3.60879,"hectorSA-0447",0,0
448,0.01758,1.63437,2.37832,"hectorSA-0448",0,0
449,0.51758,4.03437,3.62832,"hectorSA-0449",0,0
450,0.76758,0.43438,4.25332,"hectorSA-0450",0,0
451,0.26758,2.83438,3.00332,"hectorSA-0451",0,0
452,0.39258,1.03438,3.94082,"hectorSA-0452",0,0
453,0.89258,3.43438,2.69082,"hectorSA-0453",1,1
454,0.64258,2.23438,3.31582,"hectorSA-0454",0,0
455,0.14258,4.63438,4.56582,"hectorSA-0455",0,0
456,0.20508,0.73438,2.84707,"hectorSA-0456",0,0
457,0.70508,3.13437,4.09707,"hectorSA-0457",0,0
458,0.95508,1.93438,3.47207,"hectorSA-0458",0,0
459,0.45508,4.33437,2.22207,"hectorSA-0459",0,0
460,0.33008,2.53438,4.40957,"hectorSA-0460",0,0
461,0.83008,4.93438,3.15957,"hectorSA-0461",0,0
462,0.58008,1.33437,2.53457,"hectorSA-0462",0,0
463,0.08008,3.73438,3.78457,"hectorSA-0463",0,0
464,0.11133,1.18437,4.01895,"hectorSA-0464",0,0
465,0.61133,3.58438,2.76895,"hectorSA-0465",0,0
466,0.86133,2.38437,2.14395,"hectorSA-0466",1,1
467,0.36133,4.78437,3.39395,"hectorSA-0467",0,0
468,0.48633,1.78437,3.08145,"hectorSA-0468",0,0
469,0.98633,4.18438,4.33145,"hectorSA-0469",0,0
470,0.73633,0.58438,3.70645,"hectorSA-0470",0,0
471,0.23633,2.98438,2.45645,"hectorSA-0471",0,0
472,0.17383,2.08438,3.5502,"hectorSA-0472",0,0
473,0.67383,4.48438,2.3002,"hectorSA-0473",1,1
474,0.92383,0.88437,2.9252,"hectorSA-0474",1,0
475,0.42383,3.28438,4.1752,"hectorSA-0475",0,0
476,0.29883,0.28438,2.6127,"hectorSA-0476",0,0
477,0.79883,2.68438,3.8627,"hectorSA-0477",0,0
478,0.54883,1.48438,4.4877,"hectorSA-0478",0,0
479,0.04883,3.88437,3.2377,"hectorSA-0479",0,0
480,0.0332,0.35938,3.35488,"hectorSA-0480",0,0
481,0.5332,2.75937,2.10488,"hectorSA-0481",1,0
482,0.7832,1.55937,2.72988,"hectorSA-0482",1,1
483,0.2832,3.95938,3.97988,"hectorSA-0483",0,0
484,0.4082,2.15937,2.41738,"hectorSA-0484",0,0
485,0.9082,4.55938,3.66738,"hectorSA-0485",0,0
486,0.6582,0.95938,4.29238,"hectorSA-0486",0,0
487,0.1582,3.35938,3.04238,"hectorSA-0487",0,0
488,0.2207,1.85938,4.13613,"hectorSA-0488",0,0
489,0.7207,4.25938,2.88613,"hectorSA-0489",0,0
490,0.9707,0.65938,2.26113,"hectorSA-0490",1,0
491,0.4707,3.05938,3.51113,"hectorSA-0491",0,0
492,0.3457,1.25937,3.19863,"hectorSA-0492",0,0
493,0.8457,3.65938,4.44863,"hectorSA-0493",0,0
494,0.5957,2.45938,3.82363,"hectorSA-0494",0,0
495,0.0957,4.85938,2.57363,"hectorSA-0495",0,0
496,0.06445,2.30938,2.96426,"hectorSA-0496",0,0
497,0.56445,4.70937,4.21426,"hectorSA-0497",0,0
498,0.81445,1.10938,3.58926,"hectorSA-0498",0,0
499,0.31445,3.50937,2.33926,"hectorSA-0499",0,0
500,0.43945,0.50938,4.52676,"hectorSA-0500",0,0
501,0.93945,2.90938,3.27676,"hectorSA-0501",0,0
502,0.68945,1.70937,2.65176,"hectorSA-0502",0,0
503,0.18945,4.10938,3.90176,"hectorSA-0503",0,0
504,0.12695,0.80938,2.18301,"hectorSA-0504",0,0
505,0.62695,3.20938,3.43301,"hectorSA-0505",0,0
506,0.87695,2.00937,4.05801,"hectorSA-0506",0,0
507,0.37695,4.40937,2.80801,"hectorSA-0507",0,0
508,0.25195,1.40937,3.74551,"hectorSA-0508",0,0
509,0.75195,3.80938,2.49551,"hectorSA-0509",1,1
510,0.50195,0.20938,3.12051,"hectorSA-0510",0,0
511,0.00195,2.60938,4.37051,"hectorSA-0511",0,0
512,0.00293,1.40469,3.00576,"hectorSA-0512",0,0
513,0.50293,3.80469,4.25576,"hectorSA-0513",0,0
514,0.75293,0.20469,3.63076,"hectorSA-0514",0,0
515,0.25293,2.60469,2.38076,"hectorSA-0515",0,0
516,0.37793,0.80469,4.56826,"hectorSA-0516",0,0
517,0.87793,3.20469,3.31826,"hectorSA-0517",0,0
518,0.62793,2.00469,2.69326,"hectorSA-0518",0,0
519,0.12793,4.40469,3.94326,"hectorSA-0519",0,0
520,0.19043,0.50469,2.22451,"hectorSA-0520",0,0
521,0.69043,2.90469,3.47451,"hectorSA-0521",0,0
522,0.94043,1.70469,4.09951,"hectorSA-0522",0,0
523,0.44043,4.10469,2.84951,"hectorSA-0523",0,0
524,0.31543,2.30469,3.78701,"hectorSA-0524",0,0
525,0.81543,4.70469,2.53701,"hectorSA-0525",1,1
526,0.56543,1.10469,3.16201,"hectorSA-0526",0,0
527,0.06543,3.50469,4.41201,"hectorSA-0527",0,0
528,0.09668,1.25469,3.39639,"hectorSA-0528",0,0
529,0.59668,3.65469,2.14639,"hectorSA-0529",1,1
530,0.84668,2.45469,2.77139,"hectorSA-0530",1,1
531,0.34668,4.85469,4.02139,"hectorSA-0531",0,0
532,0.47168,1.85469,2.45889,"hectorSA-0532",0,0
533,0.97168,4.25469,3.70889,"hectorSA-0533",0,0
534,0.72168,0.65469,4.33389,"hectorSA-0534",0,0
535,0.22168,3.05469,3.08389,"hectorSA-0535",0,0
536,0.15918,2.15469,4.17764,"hectorSA-0536",0,0
537,0.65918,4.55469,2.92764,"hectorSA-0537",0,0
538,0.90918,0.95469,2.30264,"hectorSA-0538",1,0
539,0.40918,3.35469,3.55264,"hectorSA-0539",0,0
540,0.28418,0.35469,3.24014,"hectorSA-0540",0,0
541,0.78418,2.75469,4.49014,"hectorSA-0541",0,0
542,0.53418,1.55469,3.86514,"hectorSA-0542",0,0
543,0.03418,3.95469,2.61514,"hectorSA-0543",0,0
544,0.0498,0.27969,3.98232,"hectorSA-0544",0,0
545,0.5498,2.67969,2.73232,"hectorSA-0545",0,0
546,0.7998,1.47969,2.10732,"hectorSA-0546",1,1
547,0.2998,3.87969,3.35732,"hectorSA-0547",0,0
548,0.4248,2.07969,3.04482,"hectorSA-0548",0,0
549,0.9248,4.47969,4.29482,"hectorSA-0549",0,0
550,0.6748,0.87969,3.66982,"hectorSA-0550",0,0
551,0.1748,3.27969,2.41982,"hectorSA-0551",0,0
552,0.2373,1.77969,3.51357,"hectorSA-0552",0,0
553,0.7373,4.17969,2.26357,"hectorSA-0553",1,1
554,0.9873,0.57969,2.88857,"hectorSA-0554",1,0
555,0.4873,2.97969,4.13857,"hectorSA-0555",0,0
556,0.3623,1.17969,2.57607,"hectorSA-0556",0,0
557,0.8623,3.57969,3.82607,"hectorSA-0557",0,0
558,0.6123,2.37969,4.45107,"hectorSA-0558",0,0
559,0.1123,4.77969,3.20107,"hectorSA-0559",0,0
560,0.08105,2.52969,2.3417,"hectorSA-0560",0,0
561,0.58105,4.92969,3.5917,"hectorSA-0561",0,0
562,0.83105,1.32969,4.2167,"hectorSA-0562",0,0
563,0.33105,3.72969,2.9667,"hectorSA-0563",0,0
564,0.45605,0.72969,3.9042,"hectorSA-0564",0,0
565,0.95605,3.12969,2.6542,"hectorSA-0565",1,0
566,0.70605,1.92969,3.2792,"hectorSA-0566",0,0
567,0.20605,4.32969,4.5292,"hectorSA-0567",0,0
568,0.14355,1.02969,2.81045,"hectorSA-0568",0,0
569,0.64355,3.42969,4.06045,"hectorSA-0569",0,0
570,0.89355,2.22969,3.43545,"hectorSA-0570",0,0
571,0.39355,4.62969,2.18545,"hectorSA-0571",0,0
572,0.26855,1.62969,4.37295,"hectorSA-0572",0,0
573,0.76855,4.02969,3.12295,"hectorSA-0573",0,0
574,0.51855,0.42969,2.49795,"hectorSA-0574",0,0
575,0.01855,2.82969,3.74795,"hectorSA-0575",0,0
576,0.02637,0.91719,2.55654,"hectorSA-0576",0,0
577,0.52637,3.31719,3.80654,"hectorSA-0577",0,0
578,0.77637,2.11719,4.43154,"hectorSA-0578",0,0
579,0.27637,4.51719,3.18154,"hectorSA-0579",0,0
580,0.40137,1.51719,3.49404,"hectorSA-0580",0,0
581,0.90137,3.91719,2.24404,"hectorSA-0581",1,1
582,0.65137,0.31719,2.86904,"hectorSA-0582",0,0
583,0.15137,2.71719,4.11904,"hectorSA-0583",0,0
584,0.21387,2.41719,3.33779,"hectorSA-0584",0,0
585,0.71387,4.81719,4.58779,"hectorSA-0585",0,0
586,0.96387,1.21719,3.96279,"hectorSA-0586",0,0
587,0.46387,3.61719,2.71279,"hectorSA-0587",0,0
588,0.33887,0.61719,4.27529,"hectorSA-0588",0,0
589,0.83887,3.01719,3.02529,"hectorSA-0589",0,0
590,0.58887,1.81719,2.40029,"hectorSA-0590",0,0
591,0.08887,4.21719,3.65029,"hectorSA-0591",0,0
592,0.12012,1.96719,4.50967,"hectorSA-0592",0,0
593,0.62012,4.36719,3.25967,"hectorSA-0593",0,0
594,0.87012,0.76719,2.63467,"hectorSA-0594",1,0
595,0.37012,3.16719,3.88467,"hectorSA-0595",0,0
596,0.49512,1.36719,2.94717,"hectorSA-0596",0,0
597,0.99512,3.76719,4.19717,"hectorSA-0597",0,0
598,0.74512,2.56719,3.57217,"hectorSA-0598",0,0
599,0.24512,4.96719,2.32217,"hectorSA-0599",0,0
600,0.18262,0.46719,3.72842,"hectorSA-0600",0,0
601,0.68262,2.86719,2.47842,"hectorSA-0601",1,1
602,0.93262,1.66719,3.10342,"hectorSA-0602",1,0
603,0.43262,4.06719,4.35342,"hectorSA-0603",0,0
604,0.30762,2.26719,2.16592,"hectorSA-0604",0,0
605,0.80762,4.66719,3.41592,"hectorSA-0605",0,0
606,0.55762,1.06719,4.04092,"hectorSA-0606",0,0
607,0.05762,3.46719,2.79092,"hectorSA-0607",0,0
608,0.04199,2.04219,3.84561,"hectorSA-0608",0,0
609,0.54199,4.44219,2.59561,"hectorSA-0609",0,0
610,0.79199,0.84219,3.22061,"hectorSA-0610",0,0
611,0.29199,3.24219,4.47061,"hectorSA-0611",0,0
612,0.41699,0.24219,2.28311,"hectorSA-0612",1,0
613,0.91699,2.64219,3.53311,"hectorSA-0613",0,0
614,0.66699,1.44219,4.15811,"hectorSA-0614",0,0
615,0.16699,3.84219,2.90811,"hectorSA-0615",0,0
616,0.22949,1.14219,4.31436,"hectorSA-0616",0,0
617,0.72949,3.54219,3.06436,"hectorSA-0617",0,0
618,0.97949,2.34219,2.43936,"hectorSA-0618",1,0
619,0.47949,4.74219,3.68936,"hectorSA-0619",0,0
620,0.35449,1.74219,2.75186,"hectorSA-0620",0,0
621,0.85449,4.14219,4.00186,"hectorSA-0621",0,0
622,0.60449,0.54219,3.37686,"hectorSA-0622",0,0
623,0.10449,2.94219,2.12686,"hectorSA-0623",0,0
624,0.07324,0.69219,3.14248,"hectorSA-0624",0,0
625,0.57324,3.09219,4.39248,"hectorSA-0625",0,0
626,0.82324,1.89219,3.76748,"hectorSA-0626",0,0
627,0.32324,4.29219,2.51748,"hectorSA-0627",0,0
628,0.44824,2.49219,4.07998,"hectorSA-0628",0,0
629,0.94824,4.89219,2.82998,"hectorSA-0629",1,1
630,0.69824,1.29219,2.20498,"hectorSA-0630",1,1
631,0.19824,3.69219,3.45498,"hectorSA-0631",0,0
632,0.13574,1.59219,2.67373,"hectorSA-0632",0,0
633,0.63574,3.99219,3.92373,"hectorSA-0633",0,0
634,0.88574,0.39219,4.54873,"hectorSA-0634",0,0
635,0.38574,2.79219,3.29873,"hectorSA-0635",0,0
636,0.26074,0.99219,3.61123,"hectorSA-0636",0,0
637,0.76074,3.39219,2.36123,"hectorSA-0637",1,1
638,0.51074,2.19219,2.98623,"hectorSA-0638",0,0
639,0.01074,4.59219,4.23623,"hectorSA-0639",0,0
640,0.01465,0.59844,3.5624,"hectorSA-0640",0,0
641,0.51465,2.99844,2.3124,"hectorSA-0641",0,0
642,0.76465,1.79844,2.9374,"hectorSA-0642",0,0
643,0.26465,4.19844,4.1874,"hectorSA-0643",0,0
644,0.38965,2.39844,2.6249,"hectorSA-0644",0,0
645,0.88965,4.79844,3.8749,"hectorSA-0645",0,0
646,0.63965,1.19844,4.4999,"hectorSA-0646",0,0
647,0.13965,3.59844,3.2499,"hectorSA-0647",0,0
648,0.20215,1.49844,4.03115,"hectorSA-0648",0,0
649,0.70215,3.89844,2.78115,"hectorSA-0649",0,0
650,0.95215,0.29844,2.15615,"hectorSA-0650",1,0
651,0.45215,2.69844,3.40615,"hectorSA-0651",0,0
652,0.32715,0.89844,3.09365,"hectorSA-0652",0,0
653,0.82715,3.29844,4.34365,"hectorSA-0653",0,0
654,0.57715,2.09844,3.71865,"hectorSA-0654",0,0
655,0.07715,4.49844,2.46865,"hectorSA-0655",0,0
656,0.1084,2.24844,2.85928,"hectorSA-0656",0,0
657,0.6084,4.64844,4.10928,"hectorSA-0657",0,0
658,0.8584,1.04844,3.48428,"hectorSA-0658",0,0
659,0.3584,3.44844,2.23428,"hectorSA-0659",0,0
660,0.4834,0.44844,4.42178,"hectorSA-0660",0,0
661,0.9834,2.84844,3.17178,"hectorSA-0661",1,0
662,0.7334,1.64844,2.54678,"hectorSA-0662",1,1
663,0.2334,4.04844,3.79678,"hectorSA-0663",0,0
664,0.1709,1.34844,2.39053,"hectorSA-0664",0,0
665,0.6709,3.74844,3.64053,"hectorSA-0665",0,0
666,0.9209,2.54844,4.26553,"hectorSA-0666",0,0
667,0.4209,4.94844,3.01553,"hectorSA-0667",0,0
668,0.2959,1.94844,3.95303,"hectorSA-0668",0,0
669,0.7959,4.34844,2.70303,"hectorSA-0669",1,1
670,0.5459,0.74844,3.32803,"hectorSA-0670",0,0
671,0.0459,3.14844,4.57803,"hectorSA-0671",0,0
672,0.06152,1.72344,2.19521,"hectorSA-0672",0,0
673,0.56152,4.12344,3.44521,"hectorSA-0673",0,0
674,0.81152,0.52344,4.07021,"hectorSA-0674",0,0
675,0.31152,2.92344,2.82021,"hectorSA-0675",0,0
676,0.43652,1.12344,3.75771,"hectorSA-0676",0,0
677,0.93652,3.52344,2.50771,"hectorSA-0677",1,0
678,0.68652,2.32344,3.13271,"hectorSA-0678",0,0
679,0.18652,4.72344,4.38271,"hectorSA-0679",0,0
680,0.24902,0.22344,2.97646,"hectorSA-0680",0,0
681,0.74902,2.62344,4.22646,"hectorSA-0681",0,0
682,0.99902,1.42344,3.60146,"hectorSA-0682",0,0
683,0.49902,3.82344,2.35146,"hectorSA-0683",0,0
684,0.37402,2.02344,4.53896,"hectorSA-0684",0,0
685,0.87402,4.42344,3.28896,"hectorSA-0685",0,0
686,0.62402,0.82344,2.66396,"hectorSA-0686",0,0
687,0.12402,3.22344,3.91396,"hectorSA-0687",0,0
688,0.09277,0.97344,4.14834,"hectorSA-0688",0,0
689,0.59277,3.37344,2.89834,"hectorSA-0689",0,0
690,0.84277,2.17344,2.27334,"hectorSA-0690",1,1
691,0.34277,4.57344,3.52334,"hectorSA-0691",0,0
692,0.46777,1.57344,3.21084,"hectorSA-0692",0,0
693,0.96777,3.97344,4.46084,"hectorSA-0693",0,0
694,0.71777,0.37344,3.83584,"hectorSA-0694",0,0
695,0.21777,2.77344,2.58584,"hectorSA-0695",0,0
696,0.15527,2.47344,3.36709,"hectorSA-0696",0,0
697,0.65527,4.87344,2.11709,"hectorSA-0697",1,1
698,0.90527,1.27344,2.74209,"hectorSA-0698",1,0
699,0.40527,3.67344,3.99209,"hectorSA-0699",0,0
700,0.28027,0.67344,2.42959,"hectorSA-0700",0,0
701,0.78027,3.07344,3.67959,"hectorSA-0701",0,0
702,0.53027,1.87344,4.30459,"hectorSA-0702",0,0
703,0.03027,4.27344,3.05459,"hectorSA-0703",0,0
704,0.02246,2.36094,4.36318,"hectorSA-0704",0,0
705,0.52246,4.76094,3.11318,"hectorSA-0705",0,0
706,0.77246,1.16094,2.48818,"hectorSA-0706",1,0
707,0.27246,3.56094,3.73818,"hectorSA-0707",0,0
708,0.39746,0.56094,2.80068,"hectorSA-0708",0,0
709,0.89746,2.96094,4.05068,"hectorSA-0709",0,0
710,0.64746,1.76094,3.42568,"hectorSA-0710",0,0
711,0.14746,4.16094,2.17568,"hectorSA-0711",0,0
712,0.20996,0.86094,3.89443,"hectorSA-0712",0,0
713,0.70996,3.26094,2.64443,"hectorSA-0713",0,0
714,0.95996,2.06094,3.26943,"hectorSA-0714",0,0
715,0.45996,4.46094,4.51943,"hectorSA-0715",0,0
716,0.33496,1.46094,2.33193,"hectorSA-0716",0,0
717,0.83496,3.86094,3.58193,"hectorSA-0717",0,0
718,0.58496,0.26094,4.20693,"hectorSA-0718",0,0
719,0.08496,2.66094,2.95693,"hectorSA-0719",0,0
720,0.11621,0.41094,2.72256,"hectorSA-0720",0,0
721,0.61621,2.81094,3.97256,"hectorSA-0721",0,0
722,0.86621,1.61094,4.59756,"hectorSA-0722",0,0
723,0.36621,4.01094,3.34756,"hectorSA-0723",0,0
724,0.49121,2.21094,3.66006,"hectorSA-0724",0,0
725,0.99121,4.61094,2.41006,"hectorSA-0725",1,0
726,0.74121,1.01094,3.03506,"hectorSA-0726",0,0
727,0.24121,3.41094,4.28506,"hectorSA-0727",0,0
728,0.17871,1.91094,3.19131,"hectorSA-0728",0,0
729,0.67871,4.31094,4.44131,"hectorSA-0729",0,0
730,0.92871,0.71094,3.81631,"hectorSA-0730",0,0
731,0.42871,3.11094,2.56631,"hectorSA-0731",0,0
732,0.30371,1.31094,4.12881,"hectorSA-0732",0,0
733,0.80371,3.71094,2.87881,"hectorSA-0733",0,0
734,0.55371,2.51094,2.25381,"hectorSA-0734",1,0
735,0.05371,4.91094,3.50381,"hectorSA-0735",0,0
736,0.03809,1.23594,3.3085,"hectorSA-0736",0,0
737,0.53809,3.63594,4.5585,"hectorSA-0737",0,0
738,0.78809,2.43594,3.9335,"hectorSA-0738",0,0
739,0.28809,4.83594,2.6835,"hectorSA-0739",0,0
740,0.41309,1.83594,4.246,"hectorSA-0740",0,0
741,0.91309,4.23594,2.996,"hectorSA-0741",1,1
742,0.66309,0.63594,2.371,"hectorSA-0742",1,0
743,0.16309,3.03594,3.621,"hectorSA-0743",0,0
744,0.22559,2.13594,2.52725,"hectorSA-0744",0,0
745,0.72559,4.53594,3.77725,"hectorSA-0745",0,0
746,0.97559,0.93594,4.40225,"hectorSA-0746",0,0
747,0.47559,3.33594,3.15225,"hectorSA-0747",0,0
748,0.35059,0.33594,3.46475,"hectorSA-0748",0,0
749,0.85059,2.73594,2.21475,"hectorSA-0749",1,1
750,0.60059,1.53594,2.83975,"hectorSA-0750",0,0
751,0.10059,3.93594,4.08975,"hectorSA-0751",0,0
752,0.06934,1.68594,3.69912,"hectorSA-0752",0,0
753,0.56934,4.08594,2.44912,"hectorSA-0753",0,0
754,0.81934,0.48594,3.07412,"hectorSA-0754",0,0
755,0.31934,2.88594,4.32412,"hectorSA-0755",0,0
756,0.44434,1.08594,2.13662,"hectorSA-0756",1,0
757,0.94434,3.48594,3.38662,"hectorSA-0757",0,0
758,0.69434,2.28594,4.01162,"hectorSA-0758",0,0
759,0.19434,4.68594,2.76162,"hectorSA-0759",0,0
760,0.13184,0.78594,4.48037,"hectorSA-0760",0,0
761,0.63184,3.18594,3.23037,"hectorSA-0761",0,0
762,0.88184,1.98594,2.60537,"hectorSA-0762",1,0
763,0.38184,4.38594,3.85537,"hectorSA-0763",0,0
764,0.25684,2.58594,2.91787,"hectorSA-0764",0,0
765,0.75684,4.98594,4.16787,"hectorSA-0765",0,0
766,0.50684,1.38594,3.54287,"hectorSA-0766",0,0
767,0.00684,3.78594,2.29287,"hectorSA-0767",0,0
768,0.00488,1.39531,4.55361,"hectorSA-0768",0,0
769,0.50488,3.79531,3.30361,"hectorSA-0769",0,0
770,0.75488,2.59531,2.67861,"hectorSA-0770",1,1
771,0.25488,4.99531,3.92861,"hectorSA-0771",0,0
772,0.37988,1.99531,2.99111,"hectorSA-0772",0,0
773,0.87988,4.39531,4.24111,"hectorSA-0773",0,0
774,0.62988,0.79531,3.61611,"hectorSA-0774",0,0
775,0.12988,3.19531,2.36611,"hectorSA-0775",0,0
776,0.19238,2.29531,3.77236,"hectorSA-0776",0,0
777,0.69238,4.69531,2.52236,"hectorSA-0777",1,1
778,0.94238,1.09531,3.14736,"hectorSA-0778",1,0
779,0.44238,3.49531,4.39736,"hectorSA-0779",0,0
780,0.31738,0.49531,2.20986,"hectorSA-0780",0,0
781,0.81738,2.89531,3.45986,"hectorSA-0781",0,0
782,0.56738,1.69531,4.08486,"hectorSA-0782",0,0
783,0.06738,4.09531,2.83486,"hectorSA-0783",0,0
784,0.09863,1.54531,2.44424,"hectorSA-0784",0,0
785,0.59863,3.94531,3.69424,"hectorSA-0785",0,0
786,0.84863,0.34531,4.31924,"hectorSA-0786",0,0
787,0.34863,2.74531,3.06924,"hectorSA-0787",0,0
788,0.47363,0.94531,3.38174,"hectorSA-0788",0,0
789,0.97363,3.34531,2.13174,"hectorSA-0789",1,0
790,0.72363,2.14531,2.75674,"hectorSA-0790",0,0
791,0.22363,4.54531,4.00674,"hectorSA-0791",0,0
792,0.16113,0.64531,3.22549,"hectorSA-0792",0,0
793,0.66113,3.04531,4.47549,"hectorSA-0793",0,0
794,0.91113,1.84531,3.85049,"hectorSA-0794",0,0
795,0.41113,4.24531,2.60049,"hectorSA-0795",0,0
796,0.28613,2.44531,4.16299,"hectorSA-0796",0,0
797,0.78613,4.84531,2.91299,"hectorSA-0797",0,0
798,0.53613,1.24531,2.28799,"hectorSA-0798",1,0
799,0.03613,3.64531,3.53799,"hectorSA-0799",0,0
800,0.05176,2.52031,3.1083,"hectorSA-0800",0,0
801,0.55176,4.92031,4.3583,"hectorSA-0801",0,0
802,0.80176,1.32031,3.7333,"hectorSA-0802",0,0
803,0.30176,3.72031,2.4833,"hectorSA-0803",0,0
804,0.42676,0.72031,4.0458,"hectorSA-0804",0,0
805,0.92676,3.12031,2.7958,"hectorSA-0805",1,0
806,0.67676,1.92031,2.1708,"hectorSA-0806",1,1
807,0.17676,4.32031,3.4208,"hectorSA-0807",0,0
808,0.23926,1.02031,2.63955,"hectorSA-0808",0,0
809,0.73926,3.42031,3.88955,"hectorSA-0809",0,0
810,0.98926,2.22031,4.51455,"hectorSA-0810",0,0
811,0.48926,4.62031,3.26455,"hectorSA-0811",0,0
812,0.36426,1.62031,3.57705,"hectorSA-0812",0,0
813,0.86426,4.02031,2.32705,"hectorSA-0813",1,1
814,0.61426,0.42031,2.95205,"hectorSA-0814",0,0
815,0.11426,2.82031,4.20205,"hectorSA-0815",0,0
816,0.08301,0.27031,3.96768,"hectorSA-0816",0,0
817,0.58301,2.67031,2.71768,"hectorSA-0817",0,0
818,0.83301,1.47031,3.34268,"hectorSA-0818",0,0
819,0.33301,3.87031,4.59268,"hectorSA-0819",0,0
820,0.45801,2.07031,2.40518,"hectorSA-0820",0,0
821,0.95801,4.47031,3.65518,"hectorSA-0821",0,0
822,0.70801,0.87031,4.28018,"hectorSA-0822",0,0
823,0.20801,3.27031,3.03018,"hectorSA-0823",0,0
824,0.14551,1.77031,4.43643,"hectorSA-0824",0,0
825,0.64551,4.17031,3.18643,"hectorSA-0825",0,0
826,0.89551,0.57031,2.56143,"hectorSA-0826",1,0
827,0.39551,2.97031,3.81143,"hectorSA-0827",0,0
828,0.27051,1.17031,2.87393,"hectorSA-0828",0,0
829,0.77051,3.57031,4.12393,"hectorSA-0829",0,0
830,0.52051,2.37031,3.49893,"hectorSA-0830",0,0
831,0.02051,4.77031,2.24893,"hectorSA-0831",0,0
832,0.02832,1.88281,3.44033,"hectorSA-0832",0,0
833,0.52832,4.28281,2.19033,"hectorSA-0833",1,0
834,0.77832,0.68281,2.81533,"hectorSA-0834",1,0
835,0.27832,3.08281,4.06533,"hectorSA-0835",0,0
836,0.40332,1.28281,2.50283,"hectorSA-0836",0,0
837,0.90332,3.68281,3.75283,"hectorSA-0837",0,0
838,0.65332,2.48281,4.37783,"hectorSA-0838",0,0
839,0.15332,4.88281,3.12783,"hectorSA-0839",0,0
840,0.21582,0.38281,4.22158,"hectorSA-0840",0,0
841,0.71582,2.78281,2.97158,"hectorSA-0841",0,0
842,0.96582,1.58281,2.34658,"hectorSA-0842",1,0
843,0.46582,3.98281,3.59658,"hectorSA-0843",0,0
844,0.34082,2.18281,3.28408,"hectorSA-0844",0,0
845,0.84082,4.58281,4.53408,"hectorSA-0845",0,0
846,0.59082,0.98281,3.90908,"hectorSA-0846",0,0
847,0.09082,3.38281,2.65908,"hectorSA-0847",0,0
848,0.12207,0.83281,2.89346,"hectorSA-0848",0,0
849,0.62207,3.23281,4.14346,"hectorSA-0849",0,0
850,0.87207,2.03281,3.51846,"hectorSA-0850",0,0
851,0.37207,4.43281,2.26846,"hectorSA-0851",0,0
852,0.49707,1.43281,4.45596,"hectorSA-0852",0,0
853,0.99707,3.83281,3.20596,"hectorSA-0853",0,0
854,0.74707,0.23281,2.58096,"hectorSA-0854",1,0
855,0.24707,2.63281,3.83096,"hectorSA-0855",0,0
856,0.18457,2.33281,2.11221,"hectorSA-0856",0,0
857,0.68457,4.73281,3.36221,"hectorSA-0857",0,0
858,0.93457,1.13281,3.98721,"hectorSA-0858",0,0
859,0.43457,3.53281,2.73721,"hectorSA-0859",0,0
860,0.30957,0.53281,3.67471,"hectorSA-0860",0,0
861,0.80957,2.93281,2.42471,"hectorSA-0861",1,1
862,0.55957,1.73281,3.04971,"hectorSA-0862",0,0
863,0.05957,4.13281,4.29971,"hectorSA-0863",0,0
864,0.04395,0.75781,2.30752,"hectorSA-0864",0,0
865,0.54395,3.15781,3.55752,"hectorSA-0865",0,0
866,0.79395,1.95781,4.18252,"hectorSA-0866",0,0
867,0.29395,4.35781,2.93252,"hectorSA-0867",0,0
868,0.41895,2.55781,3.87002,"hectorSA-0868",0,0
869,0.91895,4.95781,2.62002,"hectorSA-0869",1,1
870,0.66895,1.35781,3.24502,"hectorSA-0870",0,0
871,0.16895,3.75781,4.49502,"hectorSA-0871",0,0
872,0.23145,1.65781,2.77627,"hectorSA-0872",0,0
873,0.73145,4.05781,4.02627,"hectorSA-0873",0,0
874,0.98145,0.45781,3.40127,"hectorSA-0874",0,0
875,0.48145,2.85781,2.15127,"hectorSA-0875",1,0
876,0.35645,1.05781,4.33877,"hectorSA-0876",0,0
877,0.85645,3.45781,3.08877,"hectorSA-0877",0,0
878,0.60645,2.25781,2.46377,"hectorSA-0878",0,0
879,0.10645,4.65781,3.71377,"hectorSA-0879",0,0
880,0.0752,2.10781,4.10439,"hectorSA-0880",0,0
881,0.5752,4.50781,2.85439,"hectorSA-0881",0,0
882,0.8252,0.90781,2.22939,"hectorSA-0882",1,0
883,0.3252,3.30781,3.47939,"hectorSA-0883",0,0
884,0.4502,0.30781,3.16689,"hectorSA-0884",0,0
885,0.9502,2.70781,4.41689,"hectorSA-0885",0,0
886,0.7002,1.50781,3.79189,"hectorSA-0886",0,0
887,0.2002,3.90781,2.54189,"hectorSA-0887",0,0
888,0.1377,1.20781,3.63564,"hectorSA-0888",0,0
889,0.6377,3.60781,2.38564,"hectorSA-0889",1,1
890,0.8877,2.40781,3.01064,"hectorSA-0890",0,0
891,0.3877,4.80781,4.26064,"hectorSA-0891",0,0
892,0.2627,1.80781,2.69814,"hectorSA-0892",0,0
893,0.7627,4.20781,3.94814,"hectorSA-0893",0,0
894,0.5127,0.60781,4.57314,"hectorSA-0894",0,0
895,0.0127,3.00781,3.32314,"hectorSA-0895",0,0
896,0.00879,2.20156,2.59072,"hectorSA-0896",0,0
897,0.50879,4.60156,3.84072,"hectorSA-0897",0,0
898,0.75879,1.00156,4.46572,"hectorSA-0898",0,0
899,0.25879,3.40156,3.21572,"hectorSA-0899",0,0
900,0.38379,0.40156,3.52822,"hectorSA-0900",0,0
901,0.88379,2.80156,2.27822,"hectorSA-0901",1,1
902,0.63379,1.60156,2.90322,"hectorSA-0902",0,0
903,0.13379,4.00156,4.15322,"hectorSA-0903",0,0
904,0.19629,1.30156,3.05947,"hectorSA-0904",0,0
905,0.69629,3.70156,4.30947,"hectorSA-0905",0,0
906,0.94629,2.50156,3.68447,"hectorSA-0906",0,0
907,0.44629,4.90156,2.43447,"hectorSA-0907",0,0
908,0.32129,1.90156,3.99697,"hectorSA-0908",0,0
909,0.82129,4.30156,2.74697,"hectorSA-0909",1,1
910,0.57129,0.70156,2.12197,"hectorSA-0910",1,1
911,0.07129,3.10156,3.37197,"hectorSA-0911",0,0
912,0.10254,0.55156,4.3876,"hectorSA-0912",0,0
913,0.60254,2.95156,3.1376,"hectorSA-0913",0,0
914,0.85254,1.75156,2.5126,"hectorSA-0914",1,0
915,0.35254,4.15156,3.7626,"hectorSA-0915",0,0
916,0.47754,2.35156,2.8251,"hectorSA-0916",0,0
917,0.97754,4.75156,4.0751,"hectorSA-0917",0,0
918,0.72754,1.15156,3.4501,"hectorSA-0918",0,0
919,0.22754,3.55156,2.2001,"hectorSA-0919",0,0
920,0.16504,1.45156,3.91885,"hectorSA-0920",0,0
921,0.66504,3.85156,2.66885,"hectorSA-0921",0,0
922,0.91504,0.25156,3.29385,"hectorSA-0922",1,0
923,0.41504,2.65156,4.54385,"hectorSA-0923",0,0
924,0.29004,0.85156,2.35635,"hectorSA-0924",0,0
925,0.79004,3.25156,3.60635,"hectorSA-0925",0,0
926,0.54004,2.05156,4.23135,"hectorSA-0926",0,0
927,0.04004,4.45156,2.98135,"hectorSA-0927",0,0
928,0.05566,1.07656,3.80166,"hectorSA-0928",0,0
929,0.55566,3.47656,2.55166,"hectorSA-0929",0,0
930,0.80566,2.27656,3.17666,"hectorSA-0930",0,0
931,0.30566,4.67656,4.42666,"hectorSA-0931",0,0
932,0.43066,1.67656,2.23916,"hectorSA-0932",0,0
933,0.93066,4.07656,3.48916,"hectorSA-0933",0,0
934,0.68066,0.47656,4.11416,"hectorSA-0934",0,0
935,0.18066,2.87656,2.86416,"hectorSA-0935",0,0
936,0.24316,2.57656,4.58291,"hectorSA-0936",0,0
937,0.74316,4.97656,3.33291,"hectorSA-0937",0,0
938,0.99316,1.37656,2.70791,"hectorSA-0938",1,0
939,0.49316,3.77656,3.95791,"hectorSA-0939",0,0
940,0.36816,0.77656,3.02041,"hectorSA-0940",0,0
941,0.86816,3.17656,4.27041,"hectorSA-0941",0,0
942,0.61816,1.97656,3.64541,"hectorSA-0942",0,0
943,0.11816,4.37656,2.39541,"hectorSA-0943",0,0
944,0.08691,1.82656,3.25479,"hectorSA-0944",0,0
945,0.58691,4.22656,4.50479,"hectorSA-0945",0,0
946,0.83691,0.62656,3.87979,"hectorSA-0946",0,0
947,0.33691,3.02656,2.62979,"hectorSA-0947",0,0
948,0.46191,1.22656,4.19229,"hectorSA-0948",0,0
949,0.96191,3.62656,2.94229,"hectorSA-0949",1,0
950,0.71191,2.42656,2.31729,"hectorSA-0950",1,1
951,0.21191,4.82656,3.56729,"hectorSA-0951",0,0
952,0.14941,0.32656,2.47354,"hectorSA-0952",0,0
953,0.64941,2.72656,3.72354,"hectorSA-0953",0,0
954,0.89941,1.52656,4.34854,"hectorSA-0954",0,0
955,0.39941,3.92656,3.09854,"hectorSA-0955",0,0
956,0.27441,2.12656,3.41104,"hectorSA-0956",0,0
957,0.77441,4.52656,2.16104,"hectorSA-0957",1,1
958,0.52441,0.92656,2.78604,"hectorSA-0958",0,0
959,0.02441,3.32656,4.03604,"hectorSA-0959",0,0
960,0.0166,0.43906,2.72744,"hectorSA-0960",0,0
961,0.5166,2.83906,3.97744,"hectorSA-0961",0,0
962,0.7666,1.63906,3.35244,"hectorSA-0962",0,0
963,0.2666,4.03906,2.10244,"hectorSA-0963",0,0
964,0.3916,2.23906,4.28994,"hectorSA-0964",0,0
965,0.8916,4.63906,3.03994,"hectorSA-0965",0,0
966,0.6416,1.03906,2.41494,"hectorSA-0966",1,1
967,0.1416,3.43906,3.66494,"hectorSA-0967",0,0
968,0.2041,1.93906,2.25869,"hectorSA-0968",0,0
969,0.7041,4.33906,3.50869,"hectorSA-0969",0,0
970,0.9541,0.73906,4.13369,"hectorSA-0970",0,0
971,0.4541,3.13906,2.88369,"hectorSA-0971",0,0
972,0.3291,1.33906,3.82119,"hectorSA-0972",0,0
973,0.8291,3.73906,2.57119,"hectorSA-0973",1,1
974,0.5791,2.53906,3.19619,"hectorSA-0974",0,0
975,0.0791,4.93906,4.44619,"hectorSA-0975",0,0
976,0.11035,2.38906,3.58682,"hectorSA-0976",0,0
977,0.61035,4.78906,2.33682,"hectorSA-0977",0,0
978,0.86035,1.18906,2.96182,"hectorSA-0978",1,0
979,0.36035,3.58906,4.21182,"hectorSA-0979",0,0
980,0.48535,0.58906,2.64932,"hectorSA-0980",0,0
981,0.98535,2.98906,3.89932,"hectorSA-0981",0,0
982,0.73535,1.78906,4.52432,"hectorSA-0982",0,0
983,0.23535,4.18906,3.27432,"hectorSA-0983",0,0
984,0.17285,0.88906,4.05557,"hectorSA-0984",0,0
985,0.67285,3.28906,2.80557,"hectorSA-0985",0,0
986,0.92285,2.08906,2.18057,"hectorSA-0986",1,0
987,0.42285,4.48906,3.43057,"hectorSA-0987",0,0
988,0.29785,1.48906,3.11807,"hectorSA-0988",0,0
989,0.79785,3.88906,4.36807,"hectorSA-0989",0,0
990,0.54785,0.28906,3.74307,"hectorSA-0990",0,0
991,0.04785,2.68906,2.49307,"hectorSA-0991",0,0
992,0.03223,1.56406,4.25088,"hectorSA-0992",0,0
993,0.53223,3.96406,3.00088,"hectorSA-0993",0,0
994,0.78223,0.36406,2.37588,"hectorSA-0994",1,0
995,0.28223,2.76406,3.62588,"hectorSA-0995",0,0
996,0.40723,0.96406,3.31338,"hectorSA-0996",0,0
997,0.90723,3.36406,4.56338,"hectorSA-0997",0,0
998,0.65723,2.16406,3.93838,"hectorSA-0998",0,0
999,0.15723,4.56406,2.68838,"hectorSA-0999",0,0
1000,0.21973,0.66406,3.46963,"hectorSA-1000",0,0
1001,0.71973,3.06406,2.21963,"hectorSA-1001",1,1
1002,0.96973,1.86406,2.84463,"hectorSA-1002",1,0
1003,0.46973,4.26406,4.09463,"hectorSA-1003",0,0
1004,0.34473,2.46406,2.53213,"hectorSA-1004",0,0
1005,0.84473,4.86406,3.78213,"hectorSA-1005",0,0
1006,0.59473,1.26406,4.40713,"hectorSA-1006",0,0
1007,0.09473,3.66406,3.15713,"hectorSA-1007",0,0
1008,0.06348,1.11406,2.1415,"hectorSA-1008",0,0
1009,0.56348,3.51406,3.3915,"hectorSA-1009",0,0
1010,0.81348,2.31406,4.0165,"hectorSA-1010",0,0
1011,0.31348,4.71406,2.7665,"hectorSA-1011",0,0
1012,0.43848,1.71406,3.704,"hectorSA-1012",0,0
1013,0.93848,4.11406,2.454,"hectorSA-1013",1,1
1014,0.68848,0.51406,3.079,"hectorSA-1014",0,0
1015,0.18848,2.91406,4.329,"hectorSA-1015",0,0
1016,0.12598,2.01406,2.92275,"hectorSA-1016",0,0
1017,0.62598,4.41406,4.17275,"hectorSA-1017",0,0
1018,0.87598,0.81406,3.54775,"hectorSA-1018",0,0
1019,0.37598,3.21406,2.29775,"hectorSA-1019",0,0
1020,0.25098,0.21406,4.48525,"hectorSA-1020",0,0
1021,0.75098,2.61406,3.23525,"hectorSA-1021",0,0
1022,0.50098,1.41406,2.61025,"hectorSA-1022",0,0
1023,0.00098,3.81406,3.86025,"hectorSA-1023",0,0
1024,0.00146,2.00703,4.15688,"hectorSA-1024",0,0
1025,0.50146,4.40703,2.90688,"hectorSA-1025",0,0
1026,0.75146,0.80703,2.28188,"hectorSA-1026",1,0
1027,0.25146,3.20703,3.53188,"hectorSA-1027",0,0
1028,0.37646,0.20703,3.21938,"hectorSA-1028",0,0
1029,0.87646,2.60703,4.46938,"hectorSA-1029",0,0
1030,0.62646,1.40703,3.84438,"hectorSA-1030",0,0
1031,0.12646,3.80703,2.59438,"hectorSA-1031",0,0
1032,0.18896,1.10703,3.37563,"hectorSA-1032",0,0
1033,0.68896,3.50703,2.12563,"hectorSA-1033",1,1
1034,0.93896,2.30703,2.75063,"hectorSA-1034",1,0
1035,0.43896,4.70703,4.00063,"hectorSA-1035",0,0
1036,0.31396,1.70703,2.43813,"hectorSA-1036",0,0
1037,0.81396,4.10703,3.68813,"hectorSA-1037",0,0
1038,0.56396,0.50703,4.31313,"hectorSA-1038",0,0
1039,0.06396,2.90703,3.06313,"hectorSA-1039",0,0
1040,0.09521,0.65703,2.20376,"hectorSA-1040",0,0
1041,0.59521,3.05703,3.45376,"hectorSA-1041",0,0
1042,0.84521,1.85703,4.07876,"hectorSA-1042",0,0
1043,0.34521,4.25703,2.82876,"hectorSA-1043",0,0
1044,0.47021,2.45703,3.76626,"hectorSA-1044",0,0
1045,0.97021,4.85703,2.51626,"hectorSA-1045",1,1
1046,0.72021,1.25703,3.14126,"hectorSA-1046",0,0
1047,0.22021,3.65703,4.39126,"hectorSA-1047",0,0
1048,0.15771,1.55703,2.98501,"hectorSA-1048",0,0
1049,0.65771,3.95703,4.23501,"hectorSA-1049",0,0
1050,0.90771,0.35703,3.61001,"hectorSA-1050",0,0
1051,0.40771,2.75703,2.36001,"hectorSA-1051",0,0
1052,0.28271,0.95703,4.54751,"hectorSA-1052",0,0
1053,0.78271,3.35703,3.29751,"hectorSA-1053",0,0
1054,0.53271,2.15703,2.67251,"hectorSA-1054",0,0
1055,0.03271,4.55703,3.92251,"hectorSA-1055",0,0
1056,0.04834,0.88203,2.86782,"hectorSA-1056",0,0
1057,0.54834,3.28203,4.11782,"hectorSA-1057",0,0
1058,0.79834,2.08203,3.49282,"hectorSA-1058",0,0
1059,0.29834,4.48203,2.24282,"hectorSA-1059",0,0
1060,0.42334,1.48203,4.43032,"hectorSA-1060",0,0
1061,0.92334,3.88203,3.18032,"hectorSA-1061",0,0
1062,0.67334,0.28203,2.55532,"hectorSA-1062",1,0
1063,0.17334,2.68203,3.80532,"hectorSA-1063",0,0
1064,0.23584,2.38203,2.39907,"hectorSA-1064",0,0
1065,0.73584,4.78203,3.64907,"hectorSA-1065",0,0
1066,0.98584,1.18203,4.27407,"hectorSA-1066",0,0
1067,0.48584,3.58203,3.02407,"hectorSA-1067",0,0
1068,0.36084,0.58203,3.96157,"hectorSA-1068",0,0
1069,0.86084,2.98203,2.71157,"hectorSA-1069",1,1
1070,0.61084,1.78203,3.33657,"hectorSA-1070",0,0
1071,0.11084,4.18203,4.58657,"hectorSA-1071",0,0
1072,0.07959,1.93203,3.57095,"hectorSA-1072",0,0
1073,0.57959,4.33203,2.32095,"hectorSA-1073",0,0
1074,0.82959,0.73203,2.94595,"hectorSA-1074",1,0
1075,0.32959,3.13203,4.19595,"hectorSA-1075",0,0
1076,0.45459,1.33203,2.63345,"hectorSA-1076",0,0
1077,0.95459,3.73203,3.88345,"hectorSA-1077",0,0
1078,0.70459,2.53203,4.50845,"hectorSA-1078",0,0
1079,0.20459,4.93203,3.25845,"hectorSA-1079",0,0
1080,0.14209,0.43203,4.0397,"hectorSA-1080",0,0
1081,0.64209,2.83203,2.7897,"hectorSA-1081",0,0
1082,0.89209,1.63203,2.1647,"hectorSA-1082",1,0
1083,0.39209,4.03203,3.4147,"hectorSA-1083",0,0
1084,0.26709,2.23203,3.1022,"hectorSA-1084",0,0
1085,0.76709,4.63203,4.3522,"hectorSA-1085",0,0
1086,0.51709,1.03203,3.7272,"hectorSA-1086",0,0
1087,0.01709,3.43203,2.4772,"hectorSA-1087",0,0
1088,0.0249,0.31953,3.6686,"hectorSA-1088",0,0
1089,0.5249,2.71953,2.4186,"hectorSA-1089",0,0
1090,0.7749,1.51953,3.0436,"hectorSA-1090",0,0
1091,0.2749,3.91953,4.2936,"hectorSA-1091",0,0
1092,0.3999,2.11953,2.1061,"hectorSA-1092",1,0
1093,0.8999,4.51953,3.3561,"hectorSA-1093",0,0
1094,0.6499,0.91953,3.9811,"hectorSA-1094",0,0
1095,0.1499,3.31953,2.7311,"hectorSA-1095",0,0
1096,0.2124,1.81953,4.44985,"hectorSA-1096",0,0
1097,0.7124,4.21953,3.19985,"hectorSA-1097",0,0
1098,0.9624,0.61953,2.57485,"hectorSA-1098",1,0
1099,0.4624,3.01953,3.82485,"hectorSA-1099",0,0
1100,0.3374,1.21953,2.88735,"hectorSA-1100",0,0
1101,0.8374,3.61953,4.13735,"hectorSA-1101",0,0
1102,0.5874,2.41953,3.51235,"hectorSA-1102",0,0
1103,0.0874,4.81953,2.26235,"hectorSA-1103",0,0
1104,0.11865,2.56953,3.27798,"hectorSA-1104",0,0
1105,0.61865,4.96953,4.52798,"hectorSA-1105",0,0
1106,0.86865,1.36953,3.90298,"hectorSA-1106",0,0
1107,0.36865,3.76953,2.65298,"hectorSA-1107",0,0
1108,0.49365,0.76953,4.21548,"hectorSA-1108",0,0
1109,0.99365,3.16953,2.96548,"hectorSA-1109",1,0
1110,0.74365,1.96953,2.34048,"hectorSA-1110",1,1
1111,0.24365,4.36953,3.59048,"hectorSA-1111",0,0
1112,0.18115,1.06953,2.49673,"hectorSA-1112",0,0
1113,0.68115,3.46953,3.74673,"hectorSA-1113",0,0
1114,0.93115,2.26953,4.37173,"hectorSA-1114",0,0
1115,0.43115,4.66953,3.12173,"hectorSA-1115",0,0
1116,0.30615,1.66953,3.43423,"hectorSA-1116",0,0
1117,0.80615,4.06953,2.18423,"hectorSA-1117",1,1
1118,0.55615,0.46953,2.80923,"hectorSA-1118",0,0
1119,0.05615,2.86953,4.05923,"hectorSA-1119",0,0
1120,0.04053,1.44453,2.69204,"hectorSA-1120",0,0
1121,0.54053,3.84453,3.94204,"hectorSA-1121",0,0
1122,0.79053,0.24453,4.56704,"hectorSA-1122",0,0
1123,0.29053,2.64453,3.31704,"hectorSA-1123",0,0
1124,0.41553,0.84453,3.62954,"hectorSA-1124",0,0
1125,0.91553,3.24453,2.37954,"hectorSA-1125",1,0
1126,0.66553,2.04453,3.00454,"hectorSA-1126",0,0
1127,0.16553,4.44453,4.25454,"hectorSA-1127",0,0
1128,0.22803,0.54453,3.16079,"hectorSA-1128",0,0
1129,0.72803,2.94453,4.41079,"hectorSA-1129",0,0
1130,0.97803,1.74453,3.78579,"hectorSA-1130",0,0
1131,0.47803,4.14453,2.53579,"hectorSA-1131",0,0
1132,0.35303,2.34453,4.09829,"hectorSA-1132",0,0
1133,0.85303,4.74453,2.84829,"hectorSA-1133",0,0
1134,0.60303,1.14453,2.22329,"hectorSA-1134",1,1
1135,0.10303,3.54453,3.47329,"hectorSA-1135",0,0
1136,0.07178,1.29453,4.33267,"hectorSA-1136",0,0
1137,0.57178,3.69453,3.08267,"hectorSA-1137",0,0
1138,0.82178,2.49453,2.45767,"hectorSA-1138",1,1
1139,0.32178,4.89453,3.70767,"hectorSA-1139",0,0
1140,0.44678,1.89453,2.77017,"hectorSA-1140",0,0
1141,0.94678,4.29453,4.02017,"hectorSA-1141",0,0
1142,0.69678,0.69453,3.39517,"hectorSA-1142",0,0
1143,0.19678,3.09453,2.14517,"hectorSA-1143",0,0
1144,0.13428,2.19453,3.86392,"hectorSA-1144",0,0
1145,0.63428,4.59453,2.61392,"hectorSA-1145",0,0
1146,0.88428,0.99453,3.23892,"hectorSA-1146",0,0
1147,0.38428,3.39453,4.48892,"hectorSA-1147",0,0
1148,0.25928,0.39453,2.30142,"hectorSA-1148",0,0
1149,0.75928,2.79453,3.55142,"hectorSA-1149",0,0
1150,0.50928,1.59453,4.17642,"hectorSA-1150",0,0
1151,0.00928,3.99453,2.92642,"hectorSA-1151",0,0
1152,0.01318,1.20078,2.36978,"hectorSA-1152",0,0
1153,0.51318,3.60078,3.61978,"hectorSA-1153",0,0
1154,0.76318,2.40078,4.24478,"hectorSA-1154",0,0
1155,0.26318,4.80078,2.99478,"hectorSA-1155",0,0
1156,0.38818,1.80078,3.93228,"hectorSA-1156",0,0
1157,0.88818,4.20078,2.68228,"hectorSA-1157",1,1
1158,0.63818,0.60078,3.30728,"hectorSA-1158",0,0
1159,0.13818,3.00078,4.55728,"hectorSA-1159",0,0
1160,0.20068,2.10078,2.83853,"hectorSA-1160",0,0
1161,0.70068,4.50078,4.08853,"hectorSA-1161",0,0
1162,0.95068,0.90078,3.46353,"hectorSA-1162",0,0
1163,0.45068,3.30078,2.21353,"hectorSA-1163",0,0
1164,0.32568,0.30078,4.40103,"hectorSA-1164",0,0
1165,0.82568,2.70078,3.15103,"hectorSA-1165",0,0
1166,0.57568,1.50078,2.52603,"hectorSA-1166",0,0
1167,0.07568,3.90078,3.77603,"hectorSA-1167",0,0
1168,0.10693,1.65078,4.0104,"hectorSA-1168",0,0
1169,0.60693,4.05078,2.7604,"hectorSA-1169",0,0
1170,0.85693,0.45078,2.1354,"hectorSA-1170",1,0
1171,0.35693,2.85078,3.3854,"hectorSA-1171",0,0
1172,0.48193,1.05078,3.0729,"hectorSA-1172",0,0
1173,0.98193,3.45078,4.3229,"hectorSA-1173",0,0
1174,0.73193,2.25078,3.6979,"hectorSA-1174",0,0
1175,0.23193,4.65078,2.4479,"hectorSA-1175",0,0
1176,0.16943,0.75078,3.54165,"hectorSA-1176",0,0
1177,0.66943,3.15078,2.29165,"hectorSA-1177",1,1
1178,0.91943,1.95078,2.91665,"hectorSA-1178",1,0
1179,0.41943,4.35078,4.16665,"hectorSA-1179",0,0
1180,0.29443,2.55078,2.60415,"hectorSA-1180",0,0
1181,0.79443,4.95078,3.85415,"hectorSA-1181",0,0
1182,0.54443,1.35078,4.47915,"hectorSA-1182",0,0
1183,0.04443,3.75078,3.22915,"hectorSA-1183",0,0
1184,0.06006,2.32578,3.42446,"hectorSA-1184",0,0
1185,0.56006,4.72578,2.17446,"hectorSA-1185",1,0
1186,0.81006,1.12578,2.79946,"hectorSA-1186",1,0
1187,0.31006,3.52578,4.04946,"hectorSA-1187",0,0
1188,0.43506,0.52578,2.48696,"hectorSA-1188",0,0
1189,0.93506,2.92578,3.73696,"hectorSA-1189",0,0
1190,0.68506,1.72578,4.36196,"hectorSA-1190",0,0
1191,0.18506,4.12578,3.11196,"hectorSA-1191",0,0
1192,0.24756,0.82578,4.20571,"hectorSA-1192",0,0
1193,0.74756,3.22578,2.95571,"hectorSA-1193",0,0
1194,0.99756,2.02578,2.33071,"hectorSA-1194",1,0
1195,0.49756,4.42578,3.58071,"hectorSA-1195",0,0
1196,0.37256,1.42578,3.26821,"hectorSA-1196",0,0
1197,0.87256,3.82578,4.51821,"hectorSA-1197",0,0
1198,0.62256,0.22578,3.89321,"hectorSA-1198",0,0
1199,0.12256,2.62578,2.64321,"hectorSA-1199",0,0
1200,0.09131,0.37578,3.03384,"hectorSA-1200",0,0
1201,0.59131,2.77578,4.28384,"hectorSA-1201",0,0
1202,0.84131,1.57578,3.65884,"hectorSA-1202",0,0
1203,0.34131,3.97578,2.40884,"hectorSA-1203",0,0
1204,0.46631,2.17578,4.59634,"hectorSA-1204",0,0
1205,0.96631,4.57578,3.34634,"hectorSA-1205",0,0
1206,0.71631,0.97578,2.72134,"hectorSA-1206",1,0
1207,0.21631,3.37578,3.97134,"hectorSA-1207",0,0
1208,0.15381,1.87578,2.25259,"hectorSA-1208",0,0
1209,0.65381,4.27578,3.50259,"hectorSA-1209",0,0
1210,0.90381,0.67578,4.12759,"hectorSA-1210",0,0
1211,0.40381,3.07578,2.87759,"hectorSA-1211",0,0
1212,0.27881,1.27578,3.81509,"hectorSA-1212",0,0
1213,0.77881,3.67578,2.56509,"hectorSA-1213",1,1
1214,0.52881,2.47578,3.19009,"hectorSA-1214",0,0
1215,0.02881,4.87578,4.44009,"hectorSA-1215",0,0
1216,0.021,1.76328,3.13149,"hectorSA-1216",0,0
1217,0.521,4.16328,4.38149,"hectorSA-1217",0,0
1218,0.771,0.56328,3.75649,"hectorSA-1218",0,0
1219,0.271,2.96328,2.50649,"hectorSA-1219",0,0
1220,0.396,1.16328,4.06899,"hectorSA-1220",0,0
1221,0.896,3.56328,2.81899,"hectorSA-1221",1,1
1222,0.646,2.36328,2.19399,"hectorSA-1222",1,1
1223,0.146,4.76328,3.44399,"hectorSA-1223",0,0
1224,0.2085,0.26328,2.66274,"hectorSA-1224",0,0
1225,0.7085,2.66328,3.91274,"hectorSA-1225",0,0
1226,0.9585,1.46328,4.53774,"hectorSA-1226",0,0
1227,0.4585,3.86328,3.28774,"hectorSA-1227",0,0
1228,0.3335,2.06328,3.60024,"hectorSA-1228",0,0
1229,0.8335,4.46328,2.35024,"hectorSA-1229",1,1
1230,0.5835,0.86328,2.97524,"hectorSA-1230",0,0
1231,0.0835,3.26328,4.22524,"hectorSA-1231",0,0
1232,0.11475,1.01328,3.83462,"hectorSA-1232",0,0
1233,0.61475,3.41328,2.58462,"hectorSA-1233",0,0
1234,0.86475,2.21328,3.20962,"hectorSA-1234",0,0
1235,0.36475,4.61328,4.45962,"hectorSA-1235",0,0
1236,0.48975,1.61328,2.27212,"hectorSA-1236",1,0
1237,0.98975,4.01328,3.52212,"hectorSA-1237",0,0
1238,0.73975,0.41328,4.14712,"hectorSA-1238",0,0
1239,0.23975,2.81328,2.89712,"hectorSA-1239",0,0
1240,0.17725,2.51328,4.30337,"hectorSA-1240",0,0
1241,0.67725,4.91328,3.05337,"hectorSA-1241",0,0
1242,0.92725,1.31328,2.42837,"hectorSA-1242",1,0
1243,0.42725,3.71328,3.67837,"hectorSA-1243",0,0
1244,0.30225,0.71328,2.74087,"hectorSA-1244",0,0
1245,0.80225,3.11328,3.99087,"hectorSA-1245",0,0
1246,0.55225,1.91328,3.36587,"hectorSA-1246",0,0
1247,0.05225,4.31328,2.11587,"hectorSA-1247",0,0
1248,0.03662,0.63828,4.49868,"hectorSA-1248",0,0
1249,0.53662,3.03828,3.24868,"hectorSA-1249",0,0
1250,0.78662,1.83828,2.62368,"hectorSA-1250",1,1
1251,0.28662,4.23828,3.87368,"hectorSA-1251",0,0
1252,0.41162,2.43828,2.93618,"hectorSA-1252",0,0
1253,0.91162,4.83828,4.18618,"hectorSA-1253",0,0
1254,0.66162,1.23828,3.56118,"hectorSA-1254",0,0
1255,0.16162,3.63828,2.31118,"hectorSA-1255",0,0
1256,0.22412,1.53828,3.71743,"hectorSA-1256",0,0
1257,0.72412,3.93828,2.46743,"hectorSA-1257",1,1
1258,0.97412,0.33828,3.09243,"hectorSA-1258",1,0
1259,0.47412,2.73828,4.34243,"hectorSA-1259",0,0
1260,0.34912,0.93828,2.15493,"hectorSA-1260",0,0
1261,0.84912,3.33828,3.40493,"hectorSA-1261",0,0
1262,0.59912,2.13828,4.02993,"hectorSA-1262",0,0
1263,0.09912,4.53828,2.77993,"hectorSA-1263",0,0
1264,0.06787,2.28828,2.54556,"hectorSA-1264",0,0
1265,0.56787,4.68828,3.79556,"hectorSA-1265",0,0
1266,0.81787,1.08828,4.42056,"hectorSA-1266",0,0
1267,0.31787,3.48828,3.17056,"hectorSA-1267",0,0
1268,0.44287,0.48828,3.48306,"hectorSA-1268",0,0
1269,0.94287,2.88828,2.23306,"hectorSA-1269",1,0
1270,0.69287,1.68828,2.85806,"hectorSA-1270",0,0
1271,0.19287,4.08828,4.10806,"hectorSA-1271",0,0
1272,0.13037,1.38828,3.32681,"hectorSA-1272",0,0
1273,0.63037,3.78828,4.57681,"hectorSA-1273",0,0
1274,0.88037,2.58828,3.95181,"hectorSA-1274",0,0
1275,0.38037,4.98828,2.70181,"hectorSA-1275",0,0
1276,0.25537,1.98828,4.26431,"hectorSA-1276",0,0
1277,0.75537,4.38828,3.01431,"hectorSA-1277",0,0
1278,0.50537,0.78828,2.38931,"hectorSA-1278",0,0
1279,0.00537,3.18828,3.63931,"hectorSA-1279",0,0
1280,0.00732,0.79766,3.2438,"hectorSA-1280",0,0
1281,0.50732,3.19766,4.4938,"hectorSA-1281",0,0
1282,0.75732,1.99766,3.8688,"hectorSA-1282",0,0
1283,0.25732,4.39766,2.6188,"hectorSA-1283",0,0
1284,0.38232,2.59766,4.1813,"hectorSA-1284",0,0
1285,0.88232,4.99766,2.9313,"hectorSA-1285",0,0
1286,0.63232,1.39766,2.3063,"hectorSA-1286",1,1
1287,0.13232,3.79766,3.5563,"hectorSA-1287",0,0
1288,0.19482,1.69766,2.46255,"hectorSA-1288",0,0
1289,0.69482,4.09766,3.71255,"hectorSA-1289",0,0
1290,0.94482,0.49766,4.33755,"hectorSA-1290",0,0
1291,0.44482,2.89766,3.08755,"hectorSA-1291",0,0
1292,0.31982,1.09766,3.40005,"hectorSA-1292",0,0
1293,0.81982,3.49766,2.15005,"hectorSA-1293",1,1
1294,0.56982,2.29766,2.77505,"hectorSA-1294",0,0
1295,0.06982,4.69766,4.02505,"hectorSA-1295",0,0
1296,0.10107,2.14766,3.79067,"hectorSA-1296",0,0
1297,0.60107,4.54766,2.54067,"hectorSA-1297",0,0
1298,0.85107,0.94766,3.16567,"hectorSA-1298",0,0
1299,0.35107,3.34766,4.41567,"hectorSA-1299",0,0
1300,0.47607,0.34766,2.22817,"hectorSA-1300",1,0
1301,0.97607,2.74766,3.47817,"hectorSA-1301",0,0
1302,0.72607,1.54766,4.10317,"hectorSA-1302",0,0
1303,0.22607,3.94766,2.85317,"hectorSA-1303",0,0
1304,0.16357,1.24766,4.57192,"hectorSA-1304",0,0
1305,0.66357,3.64766,3.32192,"hectorSA-1305",0,0
1306,0.91357,2.44766,2.69692,"hectorSA-1306",1,0
1307,0.41357,4.84766,3.94692,"hectorSA-1307",0,0
1308,0.28857,1.84766,3.00942,"hectorSA-1308",0,0
1309,0.78857,4.24766,4.25942,"hectorSA-1309",0,0
1310,0.53857,0.64766,3.63442,"hectorSA-1310",0,0
1311,0.03857,3.04766,2.38442,"hectorSA-1311",0,0
1312,0.0542,1.92266,4.37661,"hectorSA-1312",0,0
1313,0.5542,4.32266,3.12661,"hectorSA-1313",0,0
1314,0.8042,0.72266,2.50161,"hectorSA-1314",1,0
1315,0.3042,3.12266,3.75161,"hectorSA-1315",0,0
1316,0.4292,1.32266,2.81411,"hectorSA-1316",0,0
1317,0.9292,3.72266,4.06411,"hectorSA-1317",0,0
1318,0.6792,2.52266,3.43911,"hectorSA-1318",0,0
1319,0.1792,4.92266,2.18911,"hectorSA-1319",0,0
1320,0.2417,0.42266,3.90786,"hectorSA-1320",0,0
1321,0.7417,2.82266,2.65786,"hectorSA-1321",1,1
1322,0.9917,1.62266,3.28286,"hectorSA-1322",0,0
1323,0.4917,4.02266,4.53286,"hectorSA-1323",0,0
1324,0.3667,2.22266,2.34536,"hectorSA-1324",0,0
1325,0.8667,4.62266,3.59536,"hectorSA-1325",0,0
1326,0.6167,1.02266,4.22036,"hectorSA-1326",0,0
1327,0.1167,3.42266,2.97036,"hectorSA-1327",0,0
1328,0.08545,0.87266,2.57974,"hectorSA-1328",0,0
1329,0.58545,3.27266,3.82974,"hectorSA-1329",0,0
1330,0.83545,2.07266,4.45474,"hectorSA-1330",0,0
1331,0.33545,4.47266,3.20474,"hectorSA-1331",0,0
1332,0.46045,1.47266,3.51724,"hectorSA-1332",0,0
1333,0.96045,3.87266,2.26724,"hectorSA-1333",1,0
1334,0.71045,0.27266,2.89224,"hectorSA-1334",1,0
1335,0.21045,2.67266,4.14224,"hectorSA-1335",0,0
1336,0.14795,2.37266,3.04849,"hectorSA-1336",0,0
1337,0.64795,4.77266,4.29849,"hectorSA-1337",0,0
1338,0.89795,1.17266,3.67349,"hectorSA-1338",0,0
1339,0.39795,3.57266,2.42349,"hectorSA-1339",0,0
1340,0.27295,0.57266,3.98599,"hectorSA-1340",0,0
1341,0.77295,2.97266,2.73599,"hectorSA-1341",1,1
1342,0.52295,1.77266,2.11099,"hectorSA-1342",1,0
1343,0.02295,4.17266,3.36099,"hectorSA-1343",0,0
1344,0.03076,2.48516,2.16958,"hectorSA-1344",0,0
1345,0.53076,4.88516,3.41958,"hectorSA-1345",0,0
1346,0.78076,1.28516,4.04458,"hectorSA-1346",0,0
1347,0.28076,3.68516,2.79458,"hectorSA-1347",0,0
1348,0.40576,0.68516,3.73208,"hectorSA-1348",0,0
1349,0.90576,3.08516,2.48208,"hectorSA-1349",1,1
1350,0.65576,1.88516,3.10708,"hectorSA-1350",0,0
1351,0.15576,4.28516,4.35708,"hectorSA-1351",0,0
1352,0.21826,0.98516,2.95083,"hectorSA-1352",0,0
1353,0.71826,3.38516,4.20083,"hectorSA-1353",0,0
1354,0.96826,2.18516,3.57583,"hectorSA-1354",0,0
1355,0.46826,4.58516,2.32583,"hectorSA-1355",0,0
1356,0.34326,1.58516,4.51333,"hectorSA-1356",0,0
1357,0.84326,3.98516,3.26333,"hectorSA-1357",0,0
1358,0.59326,0.38516,2.63833,"hectorSA-1358",0,0
1359,0.09326,2.78516,3.88833,"hectorSA-1359",0,0
1360,0.12451,0.23516,4.27896,"hectorSA-1360",0,0
1361,0.62451,2.63516,3.02896,"hectorSA-1361",0,0
1362,0.87451,1.43516,2.40396,"hectorSA-1362",1,0
1363,0.37451,3.83516,3.65396,"hectorSA-1363",0,0
1364,0.49951,2.03516,3.34146,"hectorSA-1364",0,0
1365,0.99951,4.43516,4.59146,"hectorSA-1365",0,0
1366,0.74951,0.83516,3.96646,"hectorSA-1366",0,0
1367,0.24951,3.23516,2.71646,"hectorSA-1367",0,0
1368,0.18701,1.73516,3.49771,"hectorSA-1368",0,0
1369,0.68701,4.13516,2.24771,"hectorSA-1369",1,1
1370,0.93701,0.53516,2.87271,"hectorSA-1370",1,0
1371,0.43701,2.93516,4.12271,"hectorSA-1371",0,0
1372,0.31201,1.13516,2.56021,"hectorSA-1372",0,0
1373,0.81201,3.53516,3.81021,"hectorSA-1373",0,0
1374,0.56201,2.33516,4.43521,"hectorSA-1374",0,0
1375,0.06201,4.73516,3.18521,"hectorSA-1375",0,0
1376,0.04639,1.36016,3.61489,"hectorSA-1376",0,0
1377,0.54639,3.76016,2.36489,"hectorSA-1377",0,0
1378,0.79639,2.56016,2.98989,"hectorSA-1378",0,0
1379,0.29639,4.96016,4.23989,"hectorSA-1379",0,0
1380,0.42139,1.96016,2.67739,"hectorSA-1380",0,0
1381,0.92139,4.36016,3.92739,"hectorSA-1381",0,0
1382,0.67139,0.76016,4.55239,"hectorSA-1382",0,0
1383,0.17139,3.16016,3.30239,"hectorSA-1383",0,0
1384,0.23389,2.26016,4.08364,"hectorSA-1384",0,0
1385,0.73389,4.66016,2.83364,"hectorSA-1385",0,0
1386,0.98389,1.06016,2.20864,"hectorSA-1386",1,0
1387,0.48389,3.46016,3.45864,"hectorSA-1387",0,0
1388,0.35889,0.46016,3.14614,"hectorSA-1388",0,0
1389,0.85889,2.86016,4.39614,"hectorSA-1389",0,0
1390,0.60889,1.66016,3.77114,"hectorSA-1390",0,0
1391,0.10889,4.06016,2.52114,"hectorSA-1391",0,0
1392,0.07764,1.51016,2.75552,"hectorSA-1392",0,0
1393,0.57764,3.91016,4.00552,"hectorSA-1393",0,0
1394,0.82764,0.31016,3.38052,"hectorSA-1394",0,0
1395,0.32764,2.71016,2.13052,"hectorSA-1395",0,0
1396,0.45264,0.91016,4.31802,"hectorSA-1396",0,0
1397,0.95264,3.31016,3.06802,"hectorSA-1397",1,0
1398,0.70264,2.11016,2.44302,"hectorSA-1398",1,1
1399,0.20264,4.51016,3.69302,"hectorSA-1399",0,0
1400,0.14014,0.61016,2.28677,"hectorSA-1400",0,0
1401,0.64014,3.01016,3.53677,"hectorSA-1401",0,0
1402,0.89014,1.81016,4.16177,"hectorSA-1402",0,0
1403,0.39014,4.21016,2.91177,"hectorSA-1403",0,0
1404,0.26514,2.41016,3.84927,"hectorSA-1404",0,0
1405,0.76514,4.81016,2.59927,"hectorSA-1405",1,1
1406,0.51514,1.21016,3.22427,"hectorSA-1406",0,0
1407,0.01514,3.61016,4.47427,"hectorSA-1407",0,0
1408,0.01123,1.60391,3.93716,"hectorSA-1408",0,0
1409,0.51123,4.00391,2.68716,"hectorSA-1409",0,0
1410,0.76123,0.40391,3.31216,"hectorSA-1410",0,0
1411,0.26123,2.80391,4.56216,"hectorSA-1411",0,0
1412,0.38623,1.00391,2.37466,"hectorSA-1412",0,0
1413,0.88623,3.40391,3.62466,"hectorSA-1413",0,0
1414,0.63623,2.20391,4.24966,"hectorSA-1414",0,0
1415,0.13623,4.60391,2.99966,"hectorSA-1415",0,0
1416,0.19873,0.70391,4.40591,"hectorSA-1416",0,0
1417,0.69873,3.10391,3.15591,"hectorSA-1417",0,0
1418,0.94873,1.90391,2.53091,"hectorSA-1418",1,0
1419,0.44873,4.30391,3.78091,"hectorSA-1419",0,0
1420,0.32373,2.50391,2.84341,"hectorSA-1420",0,0
1421,0.82373,4.90391,4.09341,"hectorSA-1421",0,0
1422,0.57373,1.30391,3.46841,"hectorSA-1422",0,0
1423,0.07373,3.70391,2.21841,"hectorSA-1423",0,0
1424,0.10498,1.15391,3.07778,"hectorSA-1424",0,0
1425,0.60498,3.55391,4.32778,"hectorSA-1425",0,0
1426,0.85498,2.35391,3.70278,"hectorSA-1426",0,0
1427,0.35498,4.75391,2.45278,"hectorSA-1427",0,0
1428,0.47998,1.75391,4.01528,"hectorSA-1428",0,0
1429,0.97998,4.15391,2.76528,"hectorSA-1429",1,0
1430,0.72998,0.55391,2.14028,"hectorSA-1430",1,0
1431,0.22998,2.95391,3.39028,"hectorSA-1431",0,0
1432,0.16748,2.05391,2.60903,"hectorSA-1432",0,0
1433,0.66748,4.45391,3.85903,"hectorSA-1433",0,0
1434,0.91748,0.85391,4.48403,"hectorSA-1434",0,0
1435,0.41748,3.25391,3.23403,"hectorSA-1435",0,0
1436,0.29248,0.25391,3.54653,"hectorSA-1436",0,0
1437,0.79248,2.65391,2.29653,"hectorSA-1437",1,1
1438,0.54248,1.45391,2.92153,"hectorSA-1438",0,0
1439,0.04248,3.85391,4.17153,"hectorSA-1439",0,0
1440,0.05811,0.47891,2.41372,"hectorSA-1440",0,0
1441,0.55811,2.87891,3.66372,"hectorSA-1441",0,0
1442,0.80811,1.67891,4.28872,"hectorSA-1442",0,0
1443,0.30811,4.07891,3.03872,"hectorSA-1443",0,0
1444,0.43311,2.27891,3.35122,"hectorSA-1444",0,0
1445,0.93311,4.67891,2.10122,"hectorSA-1445",1,1
1446,0.68311,1.07891,2.72622,"hectorSA-1446",0,0
1447,0.18311,3.47891,3.97622,"hectorSA-1447",0,0
1448,0.24561,1.97891,3.19497,"hectorSA-1448",0,0
1449,0.74561,4.37891,4.44497,"hectorSA-1449",0,0
1450,0.99561,0.77891,3.81997,"hectorSA-1450",0,0
1451,0.49561,3.17891,2.56997,"hectorSA-1451",0,0
1452,0.37061,1.37891,4.13247,"hectorSA-1452",0,0
1453,0.87061,3.77891,2.88247,"hectorSA-1453",0,0
1454,0.62061,2.57891,2.25747,"hectorSA-1454",1,1
1455,0.12061,4.97891,3.50747,"hectorSA-1455",0,0
1456,0.08936,2.42891,4.5231,"hectorSA-1456",0,0
1457,0.58936,4.82891,3.2731,"hectorSA-1457",0,0
1458,0.83936,1.22891,2.6481,"hectorSA-1458",1,0
1459,0.33936,3.62891,3.8981,"hectorSA-1459",0,0
1460,0.46436,0.62891,2.9606,"hectorSA-1460",0,0
1461,0.96436,3.02891,4.2106,"hectorSA-1461",0,0
1462,0.71436,1.82891,3.5856,"hectorSA-1462",0,0
1463,0.21436,4.22891,2.3356,"hectorSA-1463",0,0
1464,0.15186,0.92891,3.74185,"hectorSA-1464",0,0
1465,0.65186,3.32891,2.49185,"hectorSA-1465",0,0
1466,0.90186,2.12891,3.11685,"hectorSA-1466",0,0
1467,0.40186,4.52891,4.36685,"hectorSA-1467",0,0
1468,0.27686,1.52891,2.17935,"hectorSA-1468",0,0
1469,0.77686,3.92891,3.42935,"hectorSA-1469",0,0
1470,0.52686,0.32891,4.05435,"hectorSA-1470",0,0
1471,0.02686,2.72891,2.80435,"hectorSA-1471",0,0
1472,0.01904,1.04141,4.11294,"hectorSA-1472",0,0
1473,0.51904,3.44141,2.86294,"hectorSA-1473",0,0
1474,0.76904,2.24141,2.23794,"hectorSA-1474",1,1
1475,0.26904,4.64141,3.48794,"hectorSA-1475",0,0
1476,0.39404,1.64141,3.17544,"hectorSA-1476",0,0
1477,0.89404,4.04141,4.42544,"hectorSA-1477",0,0
1478,0.64404,0.44141,3.80044,"hectorSA-1478",0,0
1479,0.14404,2.84141,2.55044,"hectorSA-1479",0,0
1480,0.20654,2.54141,3.64419,"hectorSA-1480",0,0
1481,0.70654,4.94141,2.39419,"hectorSA-1481",1,1
1482,0.95654,1.34141,3.01919,"hectorSA-1482",1,0
1483,0.45654,3.74141,4.26919,"hectorSA-1483",0,0
1484,0.33154,0.74141,2.70669,"hectorSA-1484",0,0
1485,0.83154,3.14141,3.95669,"hectorSA-1485",0,0
1486,0.58154,1.94141,4.58169,"hectorSA-1486",0,0
1487,0.08154,4.34141,3.33169,"hectorSA-1487",0,0
1488,0.11279,1.79141,2.31606,"hectorSA-1488",0,0
1489,0.61279,4.19141,3.56606,"hectorSA-1489",0,0
1490,0.86279,0.59141,4.19106,"hectorSA-1490",0,0
1491,0.36279,2.99141,2.94106,"hectorSA-1491",0,0
1492,0.48779,1.19141,3.87856,"hectorSA-1492",0,0
1493,0.98779,3.59141,2.62856,"hectorSA-1493",1,0
1494,0.73779,2.39141,3.25356,"hectorSA-1494",0,0
1495,0.23779,4.79141,4.50356,"hectorSA-1495",0,0
1496,0.17529,0.29141,2.78481,"hectorSA-1496",0,0
1497,0.67529,2.69141,4.03481,"hectorSA-1497",0,0
1498,0.92529,1.49141,3.40981,"hectorSA-1498",0,0
1499,0.42529,3.89141,2.15981,"hectorSA-1499",0,0
1500,0.30029,2.09141,4.34731,"hectorSA-1500",0,0
1501,0.80029,4.49141,3.09731,"hectorSA-1501",0,0
1502,0.55029,0.89141,2.47231,"hectorSA-1502",0,0
1503,0.05029,3.29141,3.72231,"hectorSA-1503",0,0
1504,0.03467,2.16641,2.902,"hectorSA-1504",0,0
1505,0.53467,4.56641,4.152,"hectorSA-1505",0,0
1506,0.78467,0.96641,3.527,"hectorSA-1506",0,0
1507,0.28467,3.36641,2.277,"hectorSA-1507",0,0
1508,0.40967,0.36641,4.4645,"hectorSA-1508",0,0
1509,0.90967,2.76641,3.2145,"hectorSA-1509",0,0
1510,0.65967,1.56641,2.5895,"hectorSA-1510",1,1
1511,0.15967,3.96641,3.8395,"hectorSA-1511",0,0
1512,0.22217,1.26641,2.12075,"hectorSA-1512",0,0
1513,0.72217,3.66641,3.37075,"hectorSA-1513",0,0
1514,0.97217,2.46641,3.99575,"hectorSA-1514",0,0
1515,0.47217,4.86641,2.74575,"hectorSA-1515",0,0
1516,0.34717,1.86641,3.68325,"hectorSA-1516",0,0
1517,0.84717,4.26641,2.43325,"hectorSA-1517",1,1
1518,0.59717,0.66641,3.05825,"hectorSA-1518",0,0
1519,0.09717,3.06641,4.30825,"hectorSA-1519",0,0
1520,0.06592,0.51641,3.44888,"hectorSA-1520",0,0
1521,0.56592,2.91641,2.19888,"hectorSA-1521",1,1
1522,0.81592,1.71641,2.82388,"hectorSA-1522",1,1
1523,0.31592,4.11641,4.07388,"hectorSA-1523",0,0
1524,0.44092,2.31641,2.51138,"hectorSA-1524",0,0
1525,0.94092,4.71641,3.76138,"hectorSA-1525",0,0
1526,0.69092,1.11641,4.38638,"hectorSA-1526",0,0
1527,0.19092,3.51641,3.13638,"hectorSA-1527",0,0
1528,0.12842,1.41641,4.23013,"hectorSA-1528",0,0
1529,0.62842,3.81641,2.98013,"hectorSA-1529",0,0
1530,0.87842,0.21641,2.35513,"hectorSA-1530",1,0
1531,0.37842,2.61641,3.60513,"hectorSA-1531",0,0
1532,0.25342,0.81641,3.29263,"hectorSA-1532",0,0
1533,0.75342,3.21641,4.54263,"hectorSA-1533",0,0
1534,0.50342,2.01641,3.91763,"hectorSA-1534",0,0
1535,0.00342,4.41641,2.66763,"hectorSA-1535",0,0
1536,0.00244,0.80234,3.49038,"hectorSA-1536",0,0
1537,0.50244,3.20234,2.24038,"hectorSA-1537",0,0
1538,0.75244,2.00234,2.86538,"hectorSA-1538",0,0
1539,0.25244,4.40234,4.11538,"hectorSA-1539",0,0
1540,0.37744,1.40234,2.55288,"hectorSA-1540",0,0
1541,0.87744,3.80234,3.80288,"hectorSA-1541",0,0
1542,0.62744,0.20234,4.42788,"hectorSA-1542",0,0
1543,0.12744,2.60234,3.17788,"hectorSA-1543",0,0
1544,0.18994,2.30234,4.27163,"hectorSA-1544",0,0
1545,0.68994,4.70234,3.02163,"hectorSA-1545",0,0
1546,0.93994,1.10234,2.39663,"hectorSA-1546",1,0
1547,0.43994,3.50234,3.64663,"hectorSA-1547",0,0
1548,0.31494,0.50234,3.33413,"hectorSA-1548",0,0
1549,0.81494,2.90234,4.58413,"hectorSA-1549",0,0
1550,0.56494,1.70234,3.95913,"hectorSA-1550",0,0
1551,0.06494,4.10234,2.70913,"hectorSA-1551",0,0
1552,0.09619,1.85234,2.94351,"hectorSA-1552",0,0
1553,0.59619,4.25234,4.19351,"hectorSA-1553",0,0
1554,0.84619,0.65234,3.56851,"hectorSA-1554",0,0
1555,0.34619,3.05234,2.31851,"hectorSA-1555",0,0
1556,0.47119,1.25234,4.50601,"hectorSA-1556",0,0
1557,0.97119,3.65234,3.25601,"hectorSA-1557",0,0
1558,0.72119,2.45234,2.63101,"hectorSA-1558",1,1
1559,0.22119,4.85234,3.88101,"hectorSA-1559",0,0
1560,0.15869,0.35234,2.16226,"hectorSA-1560",0,0
1561,0.65869,2.75234,3.41226,"hectorSA-1561",0,0
1562,0.90869,1.55234,4.03726,"hectorSA-1562",0,0
1563,0.40869,3.95234,2.78726,"hectorSA-1563",0,0
1564,0.28369,2.15234,3.72476,"hectorSA-1564",0,0
1565,0.78369,4.55234,2.47476,"hectorSA-1565",1,1
1566,0.53369,0.95234,3.09976,"hectorSA-1566",0,0
1567,0.03369,3.35234,4.34976,"hectorSA-1567",0,0
1568,0.04932,2.07734,2.27944,"hectorSA-1568",0,0
1569,0.54932,4.47734,3.52944,"hectorSA-1569",0,0
1570,0.79932,0.87734,4.15444,"hectorSA-1570",0,0
1571,0.29932,3.27734,2.90444,"hectorSA-1571",0,0
1572,0.42432,0.27734,3.84194,"hectorSA-1572",0,0
1573,0.92432,2.67734,2.59194,"hectorSA-1573",1,0
1574,0.67432,1.47734,3.21694,"hectorSA-1574",0,0
1575,0.17432,3.87734,4.46694,"hectorSA-1575",0,0
1576,0.23682,1.17734,2.74819,"hectorSA-1576",0,0
1577,0.73682,3.57734,3.99819,"hectorSA-1577",0,0
1578,0.98682,2.37734,3.37319,"hectorSA-1578",0,0
1579,0.48682,4.77734,2.12319,"hectorSA-1579",1,0
1580,0.36182,1.77734,4.31069,"hectorSA-1580",0,0
1581,0.86182,4.17734,3.06069,"hectorSA-1581",0,0
1582,0.61182,0.57734,2.43569,"hectorSA-1582",1,0
1583,0.11182,2.97734,3.68569,"hectorSA-1583",0,0
1584,0.08057,0.72734,4.07632,"hectorSA-1584",0,0
1585,0.58057,3.12734,2.82632,"hectorSA-1585",0,0
1586,0.83057,1.92734,2.20132,"hectorSA-1586",1,1
1587,0.33057,4.32734,3.45132,"hectorSA-1587",0,0
1588,0.45557,2.52734,3.13882,"hectorSA-1588",0,0
1589,0.95557,4.92734,4.38882,"hectorSA-1589",0,0
1590,0.70557,1.32734,3.76382,"hectorSA-1590",0,0
1591,0.20557,3.72734,2.51382,"hectorSA-1591",0,0
1592,0.14307,1.62734,3.60757,"hectorSA-1592",0,0
1593,0.64307,4.02734,2.35757,"hectorSA-1593",1,1
1594,0.89307,0.42734,2.98257,"hectorSA-1594",1,0
1595,0.39307,2.82734,4.23257,"hectorSA-1595",0,0
1596,0.26807,1.02734,2.67007,"hectorSA-1596",0,0
1597,0.76807,3.42734,3.92007,"hectorSA-1597",0,0
1598,0.51807,2.22734,4.54507,"hectorSA-1598",0,0
1599,0.01807,4.62734,3.29507,"hectorSA-1599",0,0
1600,0.02588,1.51484,4.5646,"hectorSA-1600",0,0
1601,0.52588,3.91484,3.3146,"hectorSA-1601",0,0
1602,0.77588,0.31484,2.6896,"hectorSA-1602",1,0
1603,0.27588,2.71484,3.9396,"hectorSA-1603",0,0
1604,0.40088,0.91484,3.0021,"hectorSA-1604",0,0
1605,0.90088,3.31484,4.2521,"hectorSA-1605",0,0
1606,0.65088,2.11484,3.6271,"hectorSA-1606",0,0
1607,0.15088,4.51484,2.3771,"hectorSA-1607",0,0
1608,0.21338,0.61484,3.78335,"hectorSA-1608",0,0
1609,0.71338,3.01484,2.53335,"hectorSA-1609",1,1
1610,0.96338,1.81484,3.15835,"hectorSA-1610",1,0
1611,0.46338,4.21484,4.40835,"hectorSA-1611",0,0
1612,0.33838,2.41484,2.22085,"hectorSA-1612",0,0
1613,0.83838,4.81484,3.47085,"hectorSA-1613",0,0
1614,0.58838,1.21484,4.09585,"hectorSA-1614",0,0
1615,0.08838,3.61484,2.84585,"hectorSA-1615",0,0
1616,0.11963,1.36484,2.45522,"hectorSA-1616",0,0
1617,0.61963,3.76484,3.70522,"hectorSA-1617",0,0
1618,0.86963,2.56484,4.33022,"hectorSA-1618",0,0
1619,0.36963,4.96484,3.08022,"hectorSA-1619",0,0
1620,0.49463,1.96484,3.39272,"hectorSA-1620",0,0
1621,0.99463,4.36484,2.14272,"hectorSA-1621",1,0
1622,0.74463,0.76484,2.76772,"hectorSA-1622",1,0
1623,0.24463,3.16484,4.01772,"hectorSA-1623",0,0
1624,0.18213,2.26484,3.23647,"hectorSA-1624",0,0
1625,0.68213,4.66484,4.48647,"hectorSA-1625",0,0
1626,0.93213,1.06484,3.86147,"hectorSA-1626",0,0
1627,0.43213,3.46484,2.61147,"hectorSA-1627",0,0
1628,0.30713,0.46484,4.17397,"hectorSA-1628",0,0
1629,0.80713,2.86484,2.92397,"hectorSA-1629",0,0
1630,0.55713,1.66484,2.29897,"hectorSA-1630",1,1
1631,0.05713,4.06484,3.54897,"hectorSA-1631",0,0
1632,0.0415,0.23984,3.04116,"hectorSA-1632",0,0
1633,0.5415,2.63984,4.29116,"hectorSA-1633",0,0
1634,0.7915,1.43984,3.66616,"hectorSA-1634",0,0
1635,0.2915,3.83984,2.41616,"hectorSA-1635",0,0
1636,0.4165,2.03984,3.97866,"hectorSA-1636",0,0
1637,0.9165,4.43984,2.72866,"hectorSA-1637",1,1
1638,0.6665,0.83984,2.10366,"hectorSA-1638",1,1
1639,0.1665,3.23984,3.35366,"hectorSA-1639",0,0
1640,0.229,1.73984,2.57241,"hectorSA-1640",0,0
1641,0.729,4.13984,3.82241,"hectorSA-1641",0,0
1642,0.979,0.53984,4.44741,"hectorSA-1642",0,0
1643,0.479,2.93984,3.19741,"hectorSA-1643",0,0
1644,0.354,1.13984,3.50991,"hectorSA-1644",0,0
1645,0.854,3.53984,2.25991,"hectorSA-1645",1,1
1646,0.604,2.33984,2.88491,"hectorSA-1646",0,0
1647,0.104,4.73984,4.13491,"hectorSA-1647",0,0
1648,0.07275,2.48984,3.90054,"hectorSA-1648",0,0
1649,0.57275,4.88984,2.65054,"hectorSA-1649",0,0
1650,0.82275,1.28984,3.27554,"hectorSA-1650",0,0
1651,0.32275,3.68984,4.52554,"hectorSA-1651",0,0
1652,0.44775,0.68984,2.33804,"hectorSA-1652",0,0
1653,0.94775,3.08984,3.58804,"hectorSA-1653",0,0
1654,0.69775,1.88984,4.21304,"hectorSA-1654",0,0
1655,0.19775,4.28984,2.96304,"hectorSA-1655",0,0
1656,0.13525,0.98984,4.36929,"hectorSA-1656",0,0
1657,0.63525,3.38984,3.11929,"hectorSA-1657",0,0
1658,0.88525,2.18984,2.49429,"hectorSA-1658",1,0
1659,0.38525,4.58984,3.74429,"hectorSA-1659",0,0
1660,0.26025,1.58984,2.80679,"hectorSA-1660",0,0
1661,0.76025,3.98984,4.05679,"hectorSA-1661",0,0
1662,0.51025,0.38984,3.43179,"hectorSA-1662",0,0
1663,0.01025,2.78984,2.18179,"hectorSA-1663",0,0
1664,0.01416,2.39609,2.79702,"hectorSA-1664",0,0
1665,0.51416,4.79609,4.04702,"hectorSA-1665",0,0
1666,0.76416,1.19609,3.42202,"hectorSA-1666",0,0
1667,0.26416,3.59609,2.17202,"hectorSA-1667",0,0
1668,0.38916,0.59609,4.35952,"hectorSA-1668",0,0
1669,0.88916,2.99609,3.10952,"hectorSA-1669",0,0
1670,0.63916,1.79609,2.48452,"hectorSA-1670",1,1
1671,0.13916,4.19609,3.73452,"hectorSA-1671",0,0
1672,0.20166,0.89609,2.32827,"hectorSA-1672",0,0
1673,0.70166,3.29609,3.57827,"hectorSA-1673",0,0
1674,0.95166,2.09609,4.20327,"hectorSA-1674",0,0
1675,0.45166,4.49609,2.95327,"hectorSA-1675",0,0
1676,0.32666,1.49609,3.89077,"hectorSA-1676",0,0
1677,0.82666,3.89609,2.64077,"hectorSA-1677",1,1
1678,0.57666,0.29609,3.26577,"hectorSA-1678",0,0
1679,0.07666,2.69609,4.51577,"hectorSA-1679",0,0
1680,0.10791,0.44609,3.6564,"hectorSA-1680",0,0
1681,0.60791,2.84609,2.4064,"hectorSA-1681",0,0
1682,0.85791,1.64609,3.0314,"hectorSA-1682",0,0
1683,0.35791,4.04609,4.2814,"hectorSA-1683",0,0
1684,0.48291,2.24609,2.7189,"hectorSA-1684",0,0
1685,0.98291,4.64609,3.9689,"hectorSA-1685",0,0
1686,0.73291,1.04609,4.5939,"hectorSA-1686",0,0
1687,0.23291,3.44609,3.3439,"hectorSA-1687",0,0
1688,0.17041,1.94609,4.12515,"hectorSA-1688",0,0
1689,0.67041,4.34609,2.87515,"hectorSA-1689",0,0
1690,0.92041,0.74609,2.25015,"hectorSA-1690",1,0
1691,0.42041,3.14609,3.50015,"hectorSA-1691",0,0
1692,0.29541,1.34609,3.18765,"hectorSA-1692",0,0
1693,0.79541,3.74609,4.43765,"hectorSA-1693",0,0
1694,0.54541,2.54609,3.81265,"hectorSA-1694",0,0
1695,0.04541,4.94609,2.56265,"hectorSA-1695",0,0
1696,0.06104,1.12109,4.24233,"hectorSA-1696",0,0
1697,0.56104,3.52109,2.99233,"hectorSA-1697",0,0
1698,0.81104,2.32109,2.36733,"hectorSA-1698",1,1
1699,0.31104,4.72109,3.61733,"hectorSA-1699",0,0
1700,0.43604,1.72109,3.30483,"hectorSA-1700",0,0
1701,0.93604,4.12109,4.55483,"hectorSA-1701",0,0
1702,0.68604,0.52109,3.92983,"hectorSA-1702",0,0
1703,0.18604,2.92109,2.67983,"hectorSA-1703",0,0
1704,0.24854,2.02109,3.46108,"hectorSA-1704",0,0
1705,0.74854,4.42109,2.21108,"hectorSA-1705",1,1
1706,0.99854,0.82109,2.83608,"hectorSA-1706",1,0
1707,0.49854,3.22109,4.08608,"hectorSA-1707",0,0
1708,0.37354,0.22109,2.52358,"hectorSA-1708",0,0
1709,0.87354,2.62109,3.77358,"hectorSA-1709",0,0
1710,0.62354,1.42109,4.39858,"hectorSA-1710",0,0
1711,0.12354,3.82109,3.14858,"hectorSA-1711",0,0
1712,0.09229,1.57109,2.13296,"hectorSA-1712",0,0
1713,0.59229,3.97109,3.38296,"hectorSA-1713",0,0
1714,0.84229,0.37109,4.00796,"hectorSA-1714",0,0
1715,0.34229,2.77109,2.75796,"hectorSA-1715",0,0
1716,0.46729,0.97109,3.69546,"hectorSA-1716",0,0
1717,0.96729,3.37109,2.44546,"hectorSA-1717",1,0
1718,0.71729,2.17109,3.07046,"hectorSA-1718",0,0
1719,0.21729,4.57109,4.32046,"hectorSA-1719",0,0
1720,0.15479,0.67109,2.91421,"hectorSA-1720",0,0
1721,0.65479,3.07109,4.16421,"hectorSA-1721",0,0
1722,0.90479,1.87109,3.53921,"hectorSA-1722",0,0
1723,0.40479,4.27109,2.28921,"hectorSA-1723",0,0
1724,0.27979,2.47109,4.47671,"hectorSA-1724",0,0
1725,0.77979,4.87109,3.22671,"hectorSA-1725",0,0
1726,0.52979,1.27109,2.60171,"hectorSA-1726",0,0
1727,0.02979,3.67109,3.85171,"hectorSA-1727",0,0
1728,0.02197,0.55859,2.62124,"hectorSA-1728",0,0
1729,0.52197,2.95859,3.87124,"hectorSA-1729",0,0
1730,0.77197,1.75859,4.49624,"hectorSA-1730",0,0
1731,0.27197,4.15859,3.24624,"hectorSA-1731",0,0
1732,0.39697,2.35859,3.55874,"hectorSA-1732",0,0
1733,0.89697,4.75859,2.30874,"hectorSA-1733",1,1
1734,0.64697,1.15859,2.93374,"hectorSA-1734",0,0
1735,0.14697,3.55859,4.18374,"hectorSA-1735",0,0
1736,0.20947,1.45859,3.08999,"hectorSA-1736",0,0
1737,0.70947,3.85859,4.33999,"hectorSA-1737",0,0
1738,0.95947,0.25859,3.71499,"hectorSA-1738",0,0
1739,0.45947,2.65859,2.46499,"hectorSA-1739",0,0
1740,0.33447,0.85859,4.02749,"hectorSA-1740",0,0
1741,0.83447,3.25859,2.77749,"hectorSA-1741",1,1
1742,0.58447,2.05859,2.15249,"hectorSA-1742",1,1
1743,0.08447,4.45859,3.40249,"hectorSA-1743",0,0
1744,0.11572,2.20859,4.41812,"hectorSA-1744",0,0
1745,0.61572,4.60859,3.16812,"hectorSA-1745",0,0
1746,0.86572,1.00859,2.54312,"hectorSA-1746",1,0
1747,0.36572,3.40859,3.79312,"hectorSA-1747",0,0
1748,0.49072,0.40859,2.85562,"hectorSA-1748",0,0
1749,0.99072,2.80859,4.10562,"hectorSA-1749",0,0
1750,0.74072,1.60859,3.48062,"hectorSA-1750",0,0
1751,0.24072,4.00859,2.23062,"hectorSA-1751",0,0
1752,0.17822,1.30859,3.94937,"hectorSA-1752",0,0
1753,0.67822,3.70859,2.69937,"hectorSA-1753",0,0
1754,0.92822,2.50859,3.32437,"hectorSA-1754",0,0
1755,0.42822,4.90859,4.57437,"hectorSA-1755",0,0
1756,0.30322,1.90859,2.38687,"hectorSA-1756",0,0
1757,0.80322,4.30859,3.63687,"hectorSA-1757",0,0
1758,0.55322,0.70859,4.26187,"hectorSA-1758",0,0
1759,0.05322,3.10859,3.01187,"hectorSA-1759",0,0
1760,0.0376,1.83359,3.75405,"hectorSA-1760",0,0
1761,0.5376,4.23359,2.50405,"hectorSA-1761",0,0
1762,0.7876,0.63359,3.12905,"hectorSA-1762",0,0
1763,0.2876,3.03359,4.37905,"hectorSA-1763",0,0
1764,0.4126,1.23359,2.19155,"hectorSA-1764",0,0
1765,0.9126,3.63359,3.44155,"hectorSA-1765",0,0
1766,0.6626,2.43359,4.06655,"hectorSA-1766",0,0
1767,0.1626,4.83359,2.81655,"hectorSA-1767",0,0
1768,0.2251,0.33359,4.5353,"hectorSA-1768",0,0
1769,0.7251,2.73359,3.2853,"hectorSA-1769",0,0
1770,0.9751,1.53359,2.6603,"hectorSA-1770",1,0
1771,0.4751,3.93359,3.9103,"hectorSA-1771",0,0
1772,0.3501,2.13359,2.9728,"hectorSA-1772",0,0
1773,0.8501,4.53359,4.2228,"hectorSA-1773",0,0
1774,0.6001,0.93359,3.5978,"hectorSA-1774",0,0
1775,0.1001,3.33359,2.3478,"hectorSA-1775",0,0
1776,0.06885,1.08359,3.20718,"hectorSA-1776",0,0
1777,0.56885,3.48359,4.45718,"hectorSA-1777",0,0
1778,0.81885,2.28359,3.83218,"hectorSA-1778",0,0
1779,0.31885,4.68359,2.58218,"hectorSA-1779",0,0
1780,0.44385,1.68359,4.14468,"hectorSA-1780",0,0
1781,0.94385,4.08359,2.89468,"hectorSA-1781",1,1
1782,0.69385,0.48359,2.26968,"hectorSA-1782",1,0
1783,0.19385,2.88359,3.51968,"hectorSA-1783",0,0
1784,0.13135,2.58359,2.42593,"hectorSA-1784",0,0
1785,0.63135,4.98359,3.67593,"hectorSA-1785",0,0
1786,0.88135,1.38359,4.30093,"hectorSA-1786",0,0
1787,0.38135,3.78359,3.05093,"hectorSA-1787",0,0
1788,0.25635,0.78359,3.36343,"hectorSA-1788",0,0
1789,0.75635,3.18359,2.11343,"hectorSA-1789",1,1
1790,0.50635,1.98359,2.73843,"hectorSA-1790",0,0
1791,0.00635,4.38359,3.98843,"hectorSA-1791",0,0
1792,0.00439,1.99297,2.50894,"hectorSA-1792",0,0
1793,0.50439,4.39297,3.75894,"hectorSA-1793",0,0
1794,0.75439,0.79297,4.38394,"hectorSA-1794",0,0
1795,0.25439,3.19297,3.13394,"hectorSA-1795",0,0
1796,0.37939,1.39297,3.44644,"hectorSA-1796",0,0
1797,0.87939,3.79297,2.19644,"hectorSA-1797",1,1
1798,0.62939,2.59297,2.82144,"hectorSA-1798",0,0
1799,0.12939,4.99297,4.07144,"hectorSA-1799",0,0
1800,0.19189,0.49297,3.29019,"hectorSA-1800",0,0
1801,0.69189,2.89297,4.54019,"hectorSA-1801",0,0
1802,0.94189,1.69297,3.91519,"hectorSA-1802",0,0
1803,0.44189,4.09297,2.66519,"hectorSA-1803",0,0
1804,0.31689,2.29297,4.22769,"hectorSA-1804",0,0
1805,0.81689,4.69297,2.97769,"hectorSA-1805",0,0
1806,0.56689,1.09297,2.35269,"hectorSA-1806",1,1
1807,0.06689,3.49297,3.60269,"hectorSA-1807",0,0
1808,0.09814,0.94297,4.46206,"hectorSA-1808",0,0
1809,0.59814,3.34297,3.21206,"hectorSA-1809",0,0
1810,0.84814,2.14297,2.58706,"hectorSA-1810",1,1
1811,0.34814,4.54297,3.83706,"hectorSA-1811",0,0
1812,0.47314,1.54297,2.89956,"hectorSA-1812",0,0
1813,0.97314,3.94297,4.14956,"hectorSA-1813",0,0
1814,0.72314,0.34297,3.52456,"hectorSA-1814",0,0
1815,0.22314,2.74297,2.27456,"hectorSA-1815",0,0
1816,0.16064,2.44297,3.68081,"hectorSA-1816",0,0
1817,0.66064,4.84297,2.43081,"hectorSA-1817",1,1
1818,0.91064,1.24297,3.05581,"hectorSA-1818",1,0
1819,0.41064,3.64297,4.30581,"hectorSA-1819",0,0
1820,0.28564,0.64297,2.11831,"hectorSA-1820",0,0
1821,0.78564,3.04297,3.36831,"hectorSA-1821",0,0
1822,0.53564,1.84297,3.99331,"hectorSA-1822",0,0
1823,0.03564,4.24297,2.74331,"hectorSA-1823",0,0
1824,0.05127,0.71797,3.87612,"hectorSA-1824",0,0
1825,0.55127,3.11797,2.62612,"hectorSA-1825",0,0
1826,0.80127,1.91797,3.25112,"hectorSA-1826",0,0
1827,0.30127,4.31797,4.50112,"hectorSA-1827",0,0
1828,0.42627,2.51797,2.31362,"hectorSA-1828",0,0
1829,0.92627,4.91797,3.56362,"hectorSA-1829",0,0
1830,0.67627,1.31797,4.18862,"hectorSA-1830",0,0
1831,0.17627,3.71797,2.93862,"hectorSA-1831",0,0
1832,0.23877,1.61797,4.34487,"hectorSA-1832",0,0
1833,0.73877,4.01797,3.09487,"hectorSA-1833",0,0
1834,0.98877,0.41797,2.46987,"hectorSA-1834",1,0
1835,0.48877,2.81797,3.71987,"hectorSA-1835",0,0
1836,0.36377,1.01797,2.78237,"hectorSA-1836",0,0
1837,0.86377,3.41797,4.03237,"hectorSA-1837",0,0
1838,0.61377,2.21797,3.40737,"hectorSA-1838",0,0
1839,0.11377,4.61797,2.15737,"hectorSA-1839",0,0
1840,0.08252,2.06797,3.173,"hectorSA-1840",0,0
1841,0.58252,4.46797,4.423,"hectorSA-1841",0,0
1842,0.83252,0.86797,3.798,"hectorSA-1842",0,0
1843,0.33252,3.26797,2.548,"hectorSA-1843",0,0
1844,0.45752,0.26797,4.1105,"hectorSA-1844",0,0
1845,0.95752,2.66797,2.8605,"hectorSA-1845",1,0
1846,0.70752,1.46797,2.2355,"hectorSA-1846",1,1
1847,0.20752,3.86797,3.4855,"hectorSA-1847",0,0
1848,0.14502,1.16797,2.70425,"hectorSA-1848",0,0
1849,0.64502,3.56797,3.95425,"hectorSA-1849",0,0
1850,0.89502,2.36797,4.57925,"hectorSA-1850",0,0
1851,0.39502,4.76797,3.32925,"hectorSA-1851",0,0
1852,0.27002,1.76797,3.64175,"hectorSA-1852",0,0
1853,0.77002,4.16797,2.39175,"hectorSA-1853",1,1
1854,0.52002,0.56797,3.01675,"hectorSA-1854",0,0
1855,0.02002,2.96797,4.26675,"hectorSA-1855",0,0
1856,0.02783,1.28047,2.99722,"hectorSA-1856",0,0
1857,0.52783,3.68047,4.24722,"hectorSA-1857",0,0
1858,0.77783,2.48047,3.62222,"hectorSA-1858",0,0
1859,0.27783,4.88047,2.37222,"hectorSA-1859",0,0
1860,0.40283,1.88047,4.55972,"hectorSA-1860",0,0
1861,0.90283,4.28047,3.30972,"hectorSA-1861",0,0
1862,0.65283,0.68047,2.68472,"hectorSA-1862",1,0
1863,0.15283,3.08047,3.93472,"hectorSA-1863",0,0
1864,0.21533,2.18047,2.21597,"hectorSA-1864",0,0
1865,0.71533,4.58047,3.46597,"hectorSA-1865",0,0
1866,0.96533,0.98047,4.09097,"hectorSA-1866",0,0
1867,0.46533,3.38047,2.84097,"hectorSA-1867",0,0
1868,0.34033,0.38047,3.77847,"hectorSA-1868",0,0
1869,0.84033,2.78047,2.52847,"hectorSA-1869",1,1
1870,0.59033,1.58047,3.15347,"hectorSA-1870",0,0
1871,0.09033,3.98047,4.40347,"hectorSA-1871",0,0
1872,0.12158,1.43047,3.38784,"hectorSA-1872",0,0
1873,0.62158,3.83047,2.13784,"hectorSA-1873",1,1
1874,0.87158,0.23047,2.76284,"hectorSA-1874",1,0
1875,0.37158,2.63047,4.01284,"hectorSA-1875",0,0
1876,0.49658,0.83047,2.45034,"hectorSA-1876",0,0
1877,0.99658,3.23047,3.70034,"hectorSA-1877",0,0
1878,0.74658,2.03047,4.32534,"hectorSA-1878",0,0
1879,0.24658,4.43047,3.07534,"hectorSA-1879",0,0
1880,0.18408,0.53047,4.16909,"hectorSA-1880",0,0
1881,0.68408,2.93047,2.91909,"hectorSA-1881",0,0
1882,0.93408,1.73047,2.29409,"hectorSA-1882",1,0
1883,0.43408,4.13047,3.54409,"hectorSA-1883",0,0
1884,0.30908,2.33047,3.23159,"hectorSA-1884",0,0
1885,0.80908,4.73047,4.48159,"hectorSA-1885",0,0
1886,0.55908,1.13047,3.85659,"hectorSA-1886",0,0
1887,0.05908,3.53047,2.60659,"hectorSA-1887",0,0
1888,0.04346,2.55547,4.0519,"hectorSA-1888",0,0
1889,0.54346,4.95547,2.8019,"hectorSA-1889",0,0
1890,0.79346,1.35547,2.1769,"hectorSA-1890",1,1
1891,0.29346,3.75547,3.4269,"hectorSA-1891",0,0
1892,0.41846,0.75547,3.1144,"hectorSA-1892",0,0
1893,0.91846,3.15547,4.3644,"hectorSA-1893",0,0
1894,0.66846,1.95547,3.7394,"hectorSA-1894",0,0
1895,0.16846,4.35547,2.4894,"hectorSA-1895",0,0
1896,0.23096,1.05547,3.58315,"hectorSA-1896",0,0
1897,0.73096,3.45547,2.33315,"hectorSA-1897",1,1
1898,0.98096,2.25547,2.95815,"hectorSA-1898",1,0
1899,0.48096,4.65547,4.20815,"hectorSA-1899",0,0
1900,0.35596,1.65547,2.64565,"hectorSA-1900",0,0
1901,0.85596,4.05547,3.89565,"hectorSA-1901",0,0
1902,0.60596,0.45547,4.52065,"hectorSA-1902",0,0
1903,0.10596,2.85547,3.27065,"hectorSA-1903",0,0
1904,0.07471,0.30547,2.41128,"hectorSA-1904",0,0
1905,0.57471,2.70547,3.66128,"hectorSA-1905",0,0
1906,0.82471,1.50547,4.28628,"hectorSA-1906",0,0
1907,0.32471,3.90547,3.03628,"hectorSA-1907",0,0
1908,0.44971,2.10547,3.97378,"hectorSA-1908",0,0
1909,0.94971,4.50547,2.72378,"hectorSA-1909",1,1
1910,0.69971,0.90547,3.34878,"hectorSA-1910",0,0
1911,0.19971,3.30547,4.59878,"hectorSA-1911",0,0
1912,0.13721,1.80547,2.88003,"hectorSA-1912",0,0
1913,0.63721,4.20547,4.13003,"hectorSA-1913",0,0
1914,0.88721,0.60547,3.50503,"hectorSA-1914",0,0
1915,0.38721,3.00547,2.25503,"hectorSA-1915",0,0
1916,0.26221,1.20547,4.44253,"hectorSA-1916",0,0
1917,0.76221,3.60547,3.19253,"hectorSA-1917",0,0
1918,0.51221,2.40547,2.56753,"hectorSA-1918",0,0
1919,0.01221,4.80547,3.81753,"hectorSA-1919",0,0
1920,0.0083,0.39922,4.29604,"hectorSA-1920",0,0
1921,0.5083,2.79922,3.04604,"hectorSA-1921",0,0
1922,0.7583,1.59922,2.42104,"hectorSA-1922",1,1
1923,0.2583,3.99922,3.67104,"hectorSA-1923",0,0
1924,0.3833,2.19922,2.73354,"hectorSA-1924",0,0
1925,0.8833,4.59922,3.98354,"hectorSA-1925",0,0
1926,0.6333,0.99922,3.35854,"hectorSA-1926",0,0
1927,0.1333,3.39922,2.10854,"hectorSA-1927",0,0
1928,0.1958,1.89922,3.82729,"hectorSA-1928",0,0
1929,0.6958,4.29922,2.57729,"hectorSA-1929",0,0
1930,0.9458,0.69922,3.20229,"hectorSA-1930",1,0
1931,0.4458,3.09922,4.45229,"hectorSA-1931",0,0
1932,0.3208,1.29922,2.26479,"hectorSA-1932",0,0
1933,0.8208,3.69922,3.51479,"hectorSA-1933",0,0
1934,0.5708,2.49922,4.13979,"hectorSA-1934",0,0
1935,0.0708,4.89922,2.88979,"hectorSA-1935",0,0
1936,0.10205,2.34922,2.65542,"hectorSA-1936",0,0
1937,0.60205,4.74922,3.90542,"hectorSA-1937",0,0
1938,0.85205,1.14922,4.53042,"hectorSA-1938",0,0
1939,0.35205,3.54922,3.28042,"hectorSA-1939",0,0
1940,0.47705,0.54922,3.59292,"hectorSA-1940",0,0
1941,0.97705,2.94922,2.34292,"hectorSA-1941",1,0
1942,0.72705,1.74922,2.96792,"hectorSA-1942",0,0
1943,0.22705,4.14922,4.21792,"hectorSA-1943",0,0
1944,0.16455,0.84922,3.12417,"hectorSA-1944",0,0
1945,0.66455,3.24922,4.37417,"hectorSA-1945",0,0
1946,0.91455,2.04922,3.74917,"hectorSA-1946",0,0
1947,0.41455,4.44922,2.49917,"hectorSA-1947",0,0
1948,0.28955,1.44922,4.06167,"hectorSA-1948",0,0
1949,0.78955,3.84922,2.81167,"hectorSA-1949",0,0
1950,0.53955,0.24922,2.18667,"hectorSA-1950",1,0
1951,0.03955,2.64922,3.43667,"hectorSA-1951",0,0
1952,0.05518,1.67422,3.31948,"hectorSA-1952",0,0
1953,0.55518,4.07422,4.56948,"hectorSA-1953",0,0
1954,0.80518,0.47422,3.94448,"hectorSA-1954",0,0
1955,0.30518,2.87422,2.69448,"hectorSA-1955",0,0
1956,0.43018,1.07422,4.25698,"hectorSA-1956",0,0
1957,0.93018,3.47422,3.00698,"hectorSA-1957",1,1
1958,0.68018,2.27422,2.38198,"hectorSA-1958",1,1
1959,0.18018,4.67422,3.63198,"hectorSA-1959",0,0
1960,0.24268,0.77422,2.53823,"hectorSA-1960",0,0
1961,0.74268,3.17422,3.78823,"hectorSA-1961",0,0
1962,0.99268,1.97422,4.41323,"hectorSA-1962",0,0
1963,0.49268,4.37422,3.16323,"hectorSA-1963",0,0
1964,0.36768,2.57422,3.47573,"hectorSA-1964",0,0
1965,0.86768,4.97422,2.22573,"hectorSA-1965",1,1
1966,0.61768,1.37422,2.85073,"hectorSA-1966",0,0
1967,0.11768,3.77422,4.10073,"hectorSA-1967",0,0
1968,0.08643,1.22422,3.71011,"hectorSA-1968",0,0
1969,0.58643,3.62422,2.46011,"hectorSA-1969",0,0
1970,0.83643,2.42422,3.08511,"hectorSA-1970",0,0
1971,0.33643,4.82422,4.33511,"hectorSA-1971",0,0
1972,0.46143,1.82422,2.14761,"hectorSA-1972",1,0
1973,0.96143,4.22422,3.39761,"hectorSA-1973",0,0
1974,0.71143,0.62422,4.02261,"hectorSA-1974",0,0
1975,0.21143,3.02422,2.77261,"hectorSA-1975",0,0
1976,0.14893,2.12422,4.49136,"hectorSA-1976",0,0
1977,0.64893,4.52422,3.24136,"hectorSA-1977",0,0
1978,0.89893,0.92422,2.61636,"hectorSA-1978",1,0
1979,0.39893,3.32422,3.86636,"hectorSA-1979",0,0
1980,0.27393,0.32422,2.92886,"hectorSA-1980",0,0
1981,0.77393,2.72422,4.17886,"hectorSA-1981",0,0
1982,0.52393,1.52422,3.55386,"hectorSA-1982",0,0
1983,0.02393,3.92422,2.30386,"hectorSA-1983",0,0
1984,0.01611,2.23672,3.53433,"hectorSA-1984",0,0
1985,0.51611,4.63672,2.28433,"hectorSA-1985",0,0
1986,0.76611,1.03672,2.90933,"hectorSA-1986",0,0
1987,0.26611,3.43672,4.15933,"hectorSA-1987",0,0
1988,0.39111,0.43672,2.59683,"hectorSA-1988",0,0
1989,0.89111,2.83672,3.84683,"hectorSA-1989",0,0
1990,0.64111,1.63672,4.47183,"hectorSA-1990",0,0
1991,0.14111,4.03672,3.22183,"hectorSA-1991",0,0
1992,0.20361,1.33672,4.00308,"hectorSA-1992",0,0
1993,0.70361,3.73672,2.75308,"hectorSA-1993",0,0
1994,0.95361,2.53672,2.12808,"hectorSA-1994",1,0
1995,0.45361,4.93672,3.37808,"hectorSA-1995",0,0
1996,0.32861,1.93672,3.06558,"hectorSA-1996",0,0
1997,0.82861,4.33672,4.31558,"hectorSA-1997",0,0
1998,0.57861,0.73672,3.69058,"hectorSA-1998",0,0
1999,0.07861,3.13672,2.44058,"hectorSA-1999",0,0
2000,0.10986,0.58672,2.8312,"hectorSA-2000",0,0
